feature,mean_abs_coef
complaint_text__mild,8.000162824367681
complaint_text__moderate,6.663741224400115
complaint_text__advice,5.893324890572282
complaint_text__significant,5.270750874774685
complaint_text__throat moderate,5.262411541376042
complaint_text__acute,5.25552224808806
complaint_text__mild hypoglycaemia,5.1624104501918335
complaint_text__review,4.5718499170461095
complaint_text__and,4.5024267897372585
complaint_text__moderate headache,4.494810821932914
complaint_text__question,4.348757892382183
complaint_text__suspected,4.266571447744708
complaint_text__severe,3.967359645693152
complaint_text__pain,3.9387640881140404
complaint_text__mild sore,3.917769050723295
complaint_text__prescription,3.9146250196705354
complaint_text__haemorrhage,3.900198378971344
complaint_text__thyroid,3.821820418116078
complaint_text__hypothermia moderate,3.76450485091184
complaint_text__referral,3.7398267951685398
complaint_text__minor,3.737754032071225
complaint_text__removal,3.7183569339148392
complaint_text__conjunctivitis,3.6986039402827204
complaint_text__blood,3.695817687198576
complaint_text__request,3.659303185857943
complaint_text__haematuria significant,3.636434807133834
complaint_text__haematuria,3.636434807133834
complaint_text__thyroid medication,3.5609774745940426
complaint_text__query,3.5547377648327028
complaint_text__sinusitis severe,3.5216133114131636
complaint_text__sinusitis,3.5216133114131636
complaint_text__localised,3.453496107057407
complaint_text__abrasion,3.4093160622964036
complaint_text__moderate low,3.406659036797077
complaint_text__tonsillitis,3.390457651917022
complaint_text__shock,3.3836237408188103
complaint_text__infected,3.3626894935505853
complaint_text__dehydration moderate,3.309641478983567
complaint_text__insomnia,3.2651452512892334
complaint_text__insomnia severe,3.2651452512892334
complaint_text__urosepsis,3.2556841466657267
complaint_text__headache,3.2532590232038743
complaint_text__throat irritation,3.247889994646227
complaint_text__uncomplicated,3.2152199044400573
complaint_text__uncomplicated uti,3.2152199044400573
complaint_text__fracture,3.187671473154219
complaint_text__new,3.1804418433163812
complaint_text__wound infection,3.177832476462972
complaint_text__rapidly spreading,3.15839448280093
complaint_text__rapidly,3.15839448280093
complaint_text__stable,3.132724667700026
complaint_text__stable palpitations,3.031337861164194
complaint_text__features,3.024061368900796
complaint_text__minor abrasion,3.013998459627934
complaint_text__diabetes review,3.0040405539390114
complaint_text__meningitis,2.9935802051084637
complaint_text__cellulitis localised,2.964962288931942
complaint_text__fatigue,2.949882216666159
complaint_text__symptoms,2.9429906374884447
complaint_text__nasal congestion,2.8996405152776243
complaint_text__congestion,2.8996405152776243
complaint_text__nasal,2.8996405152776243
complaint_text__minor skin,2.8869299293378154
complaint_text__ear,2.866442579396432
complaint_text__flare,2.857545042419432
complaint_text__dyspepsia worsening,2.838615018798644
complaint_text__dyspepsia,2.838615018798644
complaint_text__positional dizziness,2.836141906585697
complaint_text__positional,2.836141906585697
complaint_text__torsion,2.7942547997179625
complaint_text__sunburn,2.7941748743522785
complaint_text__minor sunburn,2.7941748743522785
complaint_text__massive,2.7768979790903283
complaint_text__vitals,2.758380751650521
complaint_text__hypoglycaemia resolved,2.756998753361452
complaint_text__dka moderate,2.748618373554529
complaint_text__dka,2.748618373554529
complaint_text__body,2.7313244597263293
complaint_text__foreign body,2.7313244597263293
complaint_text__foreign,2.7313244597263293
complaint_text__mood,2.7110565412182708
complaint_text__low mood,2.7110565412182708
complaint_text__mild dyspnoea,2.6891163214610456
complaint_text__nose mild,2.687151091430061
complaint_text__management,2.6777934166455903
complaint_text__management question,2.6777934166455903
complaint_text__diabetes management,2.6777934166455903
complaint_text__symptomatic severe,2.675745634632177
complaint_text__severe dehydration,2.669753193852181
complaint_text__spreading wound,2.651818353368096
complaint_text__controlled,2.6510200381759788
complaint_text__pyelonephritis,2.6421757837167434
complaint_text__pyelonephritis with,2.6421757837167434
complaint_text__overdose,2.6415573486959483
complaint_text__laceration,2.6330222280468574
complaint_text__with,2.6315562720007883
complaint_text__infected wound,2.625221923170082
complaint_text__corneal,2.613199116361114
complaint_text__corneal abrasion,2.613199116361114
complaint_text__urinary,2.5972563089630647
complaint_text__open,2.5716668821569355
complaint_text__after,2.557662606295685
complaint_text__new onset,2.5561222310472584
complaint_text__with haemorrhage,2.55506426663137
complaint_text__severe hypothermia,2.554675178992729
complaint_text__stress reaction,2.5542722011190246
complaint_text__stress,2.5542722011190246
complaint_text__acute stress,2.5542722011190246
complaint_text__unclear,2.552922779852858
complaint_text__medication review,2.5506964145354014
complaint_text__mild nausea,2.535084719064993
complaint_text__nausea resolved,2.535084719064993
complaint_text__dyspnoea,2.5320868722061407
complaint_text__small infected,2.5313071375644007
complaint_text__now,2.5270278495498126
complaint_text__now resolved,2.5270278495498126
complaint_text__chest pain,2.50366815676023
complaint_text__chest,2.486026084573727
complaint_text__high,2.480628216830618
complaint_text__mild dehydration,2.4794241506717483
complaint_text__moderate epistaxis,2.472075813351251
complaint_text__contact,2.4553270435739907
complaint_text__health,2.4542374907277726
complaint_text__mild bloating,2.4470331459474
complaint_text__bloating,2.4470331459474
complaint_text__ear pain,2.4406968660589157
complaint_text__cellulitis,2.4362187071944836
complaint_text__electrolyte,2.4177325999775956
complaint_text__near,2.4150592857143014
complaint_text__vertigo,2.413743648719911
complaint_text__vertigo with,2.413743648719911
complaint_text__acute vertigo,2.413743648719911
complaint_text__insect,2.41286255170892
complaint_text__local,2.41286255170892
complaint_text__local reaction,2.41286255170892
complaint_text__dengue,2.4101198684740623
complaint_text__dengue fever,2.4101198684740623
complaint_text__suspected dengue,2.4101198684740623
complaint_text__cellulitis with,2.4000883319213306
complaint_text__abdomen,2.399710284569041
complaint_text__mental,2.3978842535750924
complaint_text__thunderclap headache,2.3970666228107316
complaint_text__thunderclap,2.3970666228107316
complaint_text__administrative,2.389299091086204
complaint_text__administrative query,2.389299091086204
complaint_text__substance,2.3841775818972017
complaint_text__muscle strain,2.378767308966888
complaint_text__strain,2.378767308966888
complaint_text__hyperglycaemic crisis,2.363607477089938
complaint_text__superficial laceration,2.3497654907939665
complaint_text__superficial,2.3497654907939665
complaint_text__with shock,2.346620331206866
complaint_text__uti symptoms,2.3409118410414576
complaint_text__appendicitis,2.338419415786714
complaint_text__appendicitis clinically,2.338419415786714
complaint_text__acute severe,2.3335557218654333
complaint_text__genital discharge,2.3146126965113876
complaint_text__discharge,2.3146126965113876
complaint_text__genital,2.3146126965113876
complaint_text__orbital cellulitis,2.3082280122454413
complaint_text__intoxication,2.297070078342466
complaint_text__substance intoxication,2.297070078342466
complaint_text__check elderly,2.294025339850187
complaint_text__routine check,2.294025339850187
complaint_text__elderly,2.2657334175829527
complaint_text__with renal,2.2581936996210845
complaint_text__renal failure,2.2581936996210845
complaint_text__abdominal,2.2428851714978117
complaint_text__medication,2.2421245718175817
complaint_text__upper,2.222413257580902
complaint_text__residual dizziness,2.2223814940439404
complaint_text__residual,2.2223814940439404
complaint_text__mild residual,2.2223814940439404
complaint_text__mild dysuria,2.21689659210272
complaint_text__ibs follow,2.2147701960005506
complaint_text__ibs,2.2147701960005506
complaint_text__injury,2.213437821736469
complaint_text__paraesthesia,2.212225657805063
complaint_text__hand paraesthesia,2.212225657805063
complaint_text__hand,2.212225657805063
complaint_text__significant blunt,2.211246507205283
complaint_text__painful eye,2.1996198863450074
complaint_text__painful,2.1996198863450074
complaint_text__red,2.1996198863450074
complaint_text__red painful,2.1996198863450074
complaint_text__unresponsive,2.1957755566355868
complaint_text__uti,2.1943129387315103
complaint_text__respiratory,2.187953870140624
complaint_text__renal,2.186536517261136
complaint_text__paperwork,2.1814277872774688
complaint_text__cardiology paperwork,2.1814277872774688
complaint_text__cardiology,2.1814277872774688
complaint_text__sepsis,2.1754658332785013
complaint_text__with injury,2.1704334998441035
complaint_text__injury unclear,2.1704334998441035
complaint_text__check,2.1572964253737696
complaint_text__with dysphagia,2.1570116994465502
complaint_text__severe tonsillitis,2.1570116994465502
complaint_text__dysphagia,2.1570116994465502
complaint_text__throat,2.1543531262333975
complaint_text__social,2.1495197427421067
complaint_text__social admission,2.1495197427421067
complaint_text__admission,2.1495197427421067
complaint_text__admission query,2.1495197427421067
complaint_text__known,2.1454622324293626
complaint_text__peripheral,2.1436632538860096
complaint_text__peripheral oedema,2.1436632538860096
complaint_text__oedema worsening,2.1436632538860096
complaint_text__oedema,2.1436632538860096
complaint_text__facial,2.143175773023918
complaint_text__with systemic,2.1355388962995567
complaint_text__systemic,2.1355388962995567
complaint_text__mild itchy,2.133379368120472
complaint_text__eyes,2.133379368120472
complaint_text__itchy eyes,2.133379368120472
complaint_text__itchy,2.133379368120472
complaint_text__shoulder,2.1195323534855035
complaint_text__spreading cellulitis,2.1190807231536883
complaint_text__shingles with,2.1159356779937246
complaint_text__shingles,2.1159356779937246
complaint_text__with pain,2.1159356779937246
complaint_text__ground vomiting,2.1094743072232007
complaint_text__coffee,2.1094743072232007
complaint_text__coffee ground,2.1094743072232007
complaint_text__retinal detachment,2.107655621256291
complaint_text__detachment,2.107655621256291
complaint_text__bloody diarrhoea,2.1041057804074166
complaint_text__non bloody,2.1041057804074166
complaint_text__diarrhoea,2.1041057804074166
complaint_text__bloody,2.1041057804074166
complaint_text__recurrence,2.0984831043873053
complaint_text__known migraine,2.0984831043873053
complaint_text__migraine recurrence,2.0984831043873053
complaint_text__blocked,2.097111430415212
complaint_text__blocked ear,2.097111430415212
complaint_text__dysuria,2.0918034835667267
complaint_text__eye irritation,2.085957688216845
complaint_text__mild eye,2.085957688216845
complaint_text__suspected rib,2.0743011887117833
complaint_text__rib,2.0743011887117833
complaint_text__rib fracture,2.0743011887117833
complaint_text__resolved,2.062056163389392
complaint_text__meningitis clinically,2.061273764331127
complaint_text__hypothyroid,2.055624589482029
complaint_text__hypothyroid coma,2.055624589482029
complaint_text__large,2.0554412713971493
complaint_text__large pulmonary,2.0554412713971493
complaint_text__moderate large,2.0554412713971493
complaint_text__spreading,2.050398702214339
complaint_text__ongoing seizure,2.0499412949301354
complaint_text__seizure,2.0499412949301354
complaint_text__routine,2.049557984231041
complaint_text__near drowning,2.0378188151923107
complaint_text__drowning,2.0378188151923107
complaint_text__features query,2.036798894130498
complaint_text__cushing features,2.036798894130498
complaint_text__cushing,2.036798894130498
complaint_text__severe migraine,2.0283243399910793
complaint_text__with photophobia,2.0283243399910793
complaint_text__migraine with,2.0283243399910793
complaint_text__grade,2.0236373892969426
complaint_text__low grade,2.0236373892969426
complaint_text__grade fever,2.0236373892969426
complaint_text__joint ache,2.0229192052851985
complaint_text__ache,2.0229192052851985
complaint_text__minor joint,2.0229192052851985
complaint_text__with abnormal,2.0216033995917035
complaint_text__abnormal,2.0216033995917035
complaint_text__abnormal vitals,2.0216033995917035
complaint_text__temporal bone,2.0193219733127403
complaint_text__temporal,2.0193219733127403
complaint_text__closed ankle,2.0169599117036716
complaint_text__closed,2.0169599117036716
complaint_text__ankle fracture,2.0169599117036716
complaint_text__syndrome,2.0166386323707184
complaint_text__respiratory tract,2.0165584212790013
complaint_text__upper respiratory,2.0165584212790013
complaint_text__tract,2.0165584212790013
complaint_text__tract infection,2.0165584212790013
complaint_text__with near,2.012198804640614
complaint_text__syncope,2.012198804640614
complaint_text__near syncope,2.012198804640614
complaint_text__five,2.0116225605042484
complaint_text__five days,2.0116225605042484
complaint_text__constipation five,2.0116225605042484
complaint_text__constipation,2.0116225605042484
complaint_text__epiglottitis suspected,1.9999734685057386
complaint_text__epiglottitis,1.9999734685057386
complaint_text__related symptoms,1.997736102267627
complaint_text__related,1.997736102267627
complaint_text__thyroid related,1.997736102267627
complaint_text__eyelid swelling,1.996252777141057
complaint_text__swelling,1.996252777141057
complaint_text__eyelid,1.996252777141057
complaint_text__mild photophobia,1.9942047712010844
complaint_text__mild urinary,1.9852514001972472
complaint_text__urinary symptoms,1.9852514001972472
complaint_text__medical,1.979632904751084
complaint_text__trauma,1.9770783046250393
complaint_text__counselling,1.9689076293418957
complaint_text__counselling referral,1.9689076293418957
complaint_text__generalised muscle,1.9598948410929082
complaint_text__soreness,1.9598948410929082
complaint_text__muscle soreness,1.9598948410929082
complaint_text__generalised,1.9598948410929082
complaint_text__exertional chest,1.958881385775161
complaint_text__exertional,1.958881385775161
complaint_text__bleeding light,1.9473128465110636
complaint_text__vaginal,1.9473128465110636
complaint_text__vaginal bleeding,1.9473128465110636
complaint_text__light,1.9473128465110636
complaint_text__joint,1.946644534399399
complaint_text__severe ovarian,1.9438010750795147
complaint_text__conjunctival haemorrhage,1.9423434862403302
complaint_text__conjunctival,1.9423434862403302
complaint_text__deterioration elderly,1.9410476049333485
complaint_text__general deterioration,1.9410476049333485
complaint_text__deterioration,1.9410476049333485
complaint_text__on exertion,1.9385711853626568
complaint_text__dyspnoea on,1.9385711853626568
complaint_text__on,1.9385711853626568
complaint_text__exertion,1.9385711853626568
complaint_text__community,1.9350033300733454
complaint_text__pneumonia,1.9350033300733454
complaint_text__one week,1.9318920214569062
complaint_text__week,1.9318920214569062
complaint_text__one,1.9318920214569062
complaint_text__week cough,1.9318920214569062
complaint_text__dehydration,1.9252133486888863
complaint_text__routine sti,1.9216512655295837
complaint_text__screening,1.9216512655295837
complaint_text__sti screening,1.9216512655295837
complaint_text__fibrillation,1.9163297506845862
complaint_text__allergic reaction,1.9062287234015334
complaint_text__severe allergic,1.9062287234015334
complaint_text__colic moderate,1.9060594653833474
complaint_text__hypoxia,1.9044669235583798
complaint_text__with hypoxia,1.9044669235583798
complaint_text__respiratory failure,1.9044669235583798
complaint_text__palpitations,1.9007705442567484
numeric__gcs_total,1.9001356292624005
complaint_text__diabetic,1.8989931357346461
complaint_text__dry,1.8898176575541932
complaint_text__mild dry,1.8898176575541932
complaint_text__dry skin,1.8898176575541932
complaint_text__activity,1.887811973854144
complaint_text__small,1.8875568901318605
complaint_text__minor facial,1.8861271116875458
complaint_text__facial laceration,1.8861271116875458
complaint_text__photophobia,1.8849699487330767
complaint_text__bite,1.880141805391269
complaint_text__unknown substance,1.8759558914695404
complaint_text__overdose unknown,1.8759558914695404
complaint_text__gastroenteritis,1.8737964830318998
complaint_text__mild gastroenteritis,1.8737964830318998
complaint_text__body throat,1.8728046359342898
complaint_text__sti,1.8693584979820024
complaint_text__rash moderate,1.8641787923372235
complaint_text__allergic rash,1.8641787923372235
complaint_text__low back,1.8630532085565228
complaint_text__chronic anxiety,1.8565531489022018
complaint_text__anxiety flare,1.8565531489022018
complaint_text__to,1.8531631850509904
complaint_text__infection,1.8457125468927724
complaint_text__mild abdominal,1.8452330326644415
complaint_text__abdominal cramping,1.8452330326644415
complaint_text__cramping,1.8452330326644415
complaint_text__known af,1.8439663681129232
complaint_text__stable follow,1.8439663681129232
complaint_text__af stable,1.8439663681129232
complaint_text__af,1.8439663681129232
complaint_text__bilious vomiting,1.8392469440327819
complaint_text__bilious,1.8392469440327819
complaint_text__obstruction with,1.8392469440327819
complaint_text__with bilious,1.8392469440327819
complaint_text__symptomatic,1.830801710685591
complaint_text__hypoglycaemia,1.8307869767838927
complaint_text__cut wound,1.8302666919393296
complaint_text__wound check,1.8302666919393296
complaint_text__cut,1.8302666919393296
complaint_text__small cut,1.8302666919393296
complaint_text__visual,1.81891690572041
complaint_text__sudden visual,1.81891690572041
complaint_text__blurring,1.81891690572041
complaint_text__visual blurring,1.81891690572041
complaint_text__self,1.8180674408646205
complaint_text__feeling,1.8179144046999869
complaint_text__unwell feeling,1.8179144046999869
complaint_text__unwell,1.8179144046999869
complaint_text__general unwell,1.8179144046999869
complaint_text__chronic,1.814668737732512
complaint_text__pancreatitis stable,1.811049071369523
complaint_text__moderate pancreatitis,1.811049071369523
complaint_text__crisis,1.8064970707515162
complaint_text__episode,1.8054106834089136
complaint_text__assessment,1.8054106834089136
complaint_text__depressive episode,1.8054106834089136
complaint_text__episode assessment,1.8054106834089136
complaint_text__depressive,1.8054106834089136
complaint_text__sore,1.8009106865295326
complaint_text__sore throat,1.8009106865295326
complaint_text__ankle sprain,1.7992783349632429
complaint_text__sprain,1.7992783349632429
complaint_text__lateral ankle,1.7992783349632429
complaint_text__lateral,1.7992783349632429
complaint_text__pleuritic chest,1.7960984740013752
complaint_text__pleuritic,1.7960984740013752
complaint_text__distal,1.7902482979454408
complaint_text__radius,1.7902482979454408
complaint_text__radius fracture,1.7902482979454408
complaint_text__distal radius,1.7902482979454408
complaint_text__allergy,1.7839859477472764
complaint_text__seasonal allergy,1.7839859477472764
complaint_text__seasonal,1.7839859477472764
complaint_text__allergy symptoms,1.7839859477472764
complaint_text__wound,1.7820085882324463
complaint_text__mastoiditis,1.781907002192714
complaint_text__mastoiditis with,1.781907002192714
complaint_text__acute mastoiditis,1.781907002192714
complaint_text__without plan,1.7792358901716905
complaint_text__ideation without,1.7792358901716905
complaint_text__abdomen stable,1.7791467474815863
complaint_text__wound abdomen,1.7791467474815863
complaint_text__hyperglycaemia,1.76865386370542
complaint_text__with symptoms,1.76865386370542
complaint_text__hyperglycaemia with,1.76865386370542
complaint_text__eczema,1.767370523159085
complaint_text__eczema herpeticum,1.767370523159085
complaint_text__herpeticum,1.767370523159085
complaint_text__electrolyte imbalance,1.7603267411745158
complaint_text__imbalance symptomatic,1.7603267411745158
complaint_text__imbalance,1.7603267411745158
complaint_text__injury significant,1.7601254948049885
complaint_text__traumatic eye,1.7601254948049885
complaint_text__eye injury,1.7601254948049885
complaint_text__and runny,1.7579557324421013
complaint_text__congestion and,1.7579557324421013
complaint_text__head,1.7569099843709466
complaint_text__loc,1.7569099843709466
complaint_text__testicular,1.7568047723445979
complaint_text__testicular torsion,1.7568047723445979
complaint_text__weight change,1.7544558504859693
complaint_text__concern,1.7544558504859693
complaint_text__change concern,1.7544558504859693
complaint_text__change,1.7544558504859693
complaint_text__uti repeat,1.7533805698213172
complaint_text__repeat,1.7533805698213172
complaint_text__repeat prescription,1.7533805698213172
complaint_text__chronic headache,1.7513787346759302
complaint_text__headache review,1.7513787346759302
complaint_text__otitis media,1.7367538688395896
complaint_text__otitis,1.7367538688395896
complaint_text__media with,1.7367538688395896
complaint_text__media,1.7367538688395896
complaint_text__bp,1.7328809819380329
complaint_text__routine bp,1.7328809819380329
complaint_text__bp monitoring,1.7328809819380329
complaint_text__serious deliberate,1.7310727397740515
complaint_text__deliberate overdose,1.7310727397740515
complaint_text__deliberate,1.7310727397740515
complaint_text__serious,1.7310727397740515
complaint_text__wound redness,1.7260661603987781
complaint_text__minor wound,1.7260661603987781
complaint_text__redness,1.7260661603987781
complaint_text__weakness,1.7254606231376453
complaint_text__transient,1.7254606231376453
complaint_text__transient limb,1.7254606231376453
complaint_text__limb weakness,1.7254606231376453
complaint_text__limb,1.7254606231376453
complaint_text__intent,1.713736562715436
complaint_text__and intent,1.713736562715436
complaint_text__plan and,1.713736562715436
complaint_text__ideation with,1.713736562715436
complaint_text__with plan,1.713736562715436
complaint_text__deep,1.7111002288075188
complaint_text__deep dog,1.7111002288075188
complaint_text__bite wound,1.7111002288075188
complaint_text__dog bite,1.7111002288075188
complaint_text__dog,1.7111002288075188
complaint_text__ankle,1.7084299848113056
complaint_text__viral urti,1.7058466067343345
complaint_text__viral,1.7058466067343345
complaint_text__urti,1.7058466067343345
complaint_text__urti mild,1.7058466067343345
complaint_text__mild low,1.704245628780378
complaint_text__sudden,1.6997621022569045
complaint_text__afebrile,1.6910253352179794
complaint_text__specific skin,1.6910253352179794
complaint_text__specific,1.6910253352179794
complaint_text__non specific,1.6910253352179794
complaint_text__rash afebrile,1.6910253352179794
complaint_text__allergic,1.6909780987316876
complaint_text__jaundice,1.688728107086143
complaint_text__onset jaundice,1.688728107086143
complaint_text__complaint,1.6869107260596685
complaint_text__complaint mild,1.6869107260596685
complaint_text__memory complaint,1.6869107260596685
complaint_text__memory,1.6869107260596685
complaint_text__severe malaria,1.680018392270624
complaint_text__malaria,1.680018392270624
complaint_text__weight,1.6639318375915608
complaint_text__hypothermia,1.6607872371155878
complaint_text__instability,1.660283800965886
complaint_text__haemodynamic instability,1.660283800965886
complaint_text__high fever,1.660283800965886
complaint_text__without,1.659724386227672
complaint_text__severe back,1.6587104511940516
complaint_text__with new,1.6587104511940516
complaint_text__incontinence,1.6587104511940516
complaint_text__new incontinence,1.6587104511940516
complaint_text__ear wax,1.6552224677766403
complaint_text__wax removal,1.6552224677766403
complaint_text__wax,1.6552224677766403
complaint_text__dietary advice,1.6479786288407567
complaint_text__dietary,1.6479786288407567
complaint_text__with unknown,1.6404379395745436
complaint_text__unknown source,1.6404379395745436
complaint_text__source 39,1.6404379395745436
complaint_text__39,1.6404379395745436
complaint_text__source,1.6404379395745436
complaint_text__rash,1.6352260754997616
categorical__mental_status_triage_unresponsive,1.633612301993805
complaint_text__heart,1.632840322776493
complaint_text__decompensated heart,1.632840322776493
complaint_text__decompensated,1.632840322776493
complaint_text__heart failure,1.632840322776493
complaint_text__peritonsillar abscess,1.6314402365180158
complaint_text__trismus,1.6314402365180158
complaint_text__with trismus,1.6314402365180158
complaint_text__peritonsillar,1.6314402365180158
complaint_text__arrest,1.6260080703615514
complaint_text__ischaemic colitis,1.6203384294140217
complaint_text__colitis,1.6203384294140217
complaint_text__colitis suspected,1.6203384294140217
complaint_text__scalp laceration,1.6153223959661887
complaint_text__scalp,1.6153223959661887
complaint_text__laceration actively,1.6153223959661887
complaint_text__actively,1.6153223959661887
complaint_text__actively bleeding,1.6153223959661887
complaint_text__ingrown toenail,1.6133374078936615
complaint_text__toenail infected,1.6133374078936615
complaint_text__toenail,1.6133374078936615
complaint_text__ingrown,1.6133374078936615
complaint_text__contamination,1.6073753604086551
complaint_text__open fracture,1.6073753604086551
complaint_text__with contamination,1.6073753604086551
complaint_text__sepsis signs,1.6049206243034129
complaint_text__with sepsis,1.6049206243034129
complaint_text__withdrawal,1.6035199196774221
complaint_text__alcohol,1.6035199196774221
complaint_text__alcohol withdrawal,1.6035199196774221
complaint_text__withdrawal mild,1.6035199196774221
complaint_text__epistaxis controlled,1.6004791330331436
complaint_text__mild epistaxis,1.6004791330331436
complaint_text__airway,1.595837673581371
complaint_text__and arm,1.595178747170817
complaint_text__arm radiation,1.595178747170817
complaint_text__radiation,1.595178747170817
complaint_text__arm,1.595178747170817
complaint_text__diaphoresis and,1.595178747170817
complaint_text__loss,1.5942248665065644
complaint_text__minor chest,1.5918234869314285
complaint_text__chest wall,1.5918234869314285
complaint_text__wall pain,1.5918234869314285
complaint_text__wall,1.5918234869314285
complaint_text__migraine,1.5911075189828308
complaint_text__severe psychosis,1.5880873671265276
complaint_text__hyperglycaemic,1.5873771249159918
complaint_text__acute psychiatric,1.5869760616046618
complaint_text__psychiatric decompensation,1.5869760616046618
complaint_text__decompensation,1.5869760616046618
complaint_text__psychiatric,1.5869760616046618
complaint_text__orbital,1.5866073197460873
complaint_text__adjustment,1.5834319338754284
complaint_text__adjustment query,1.5834319338754284
complaint_text__medication adjustment,1.5834319338754284
complaint_text__skin rash,1.5807156226668928
complaint_text__confusion in,1.5784641793013239
complaint_text__elderly patient,1.5784641793013239
complaint_text__in elderly,1.5784641793013239
complaint_text__anxiety,1.5717876465275045
complaint_text__certificate request,1.5693338054497532
complaint_text__certificate,1.5693338054497532
complaint_text__medical certificate,1.5693338054497532
complaint_text__splinter removal,1.5671856186279638
complaint_text__splinter,1.5671856186279638
complaint_text__scrotal,1.5627564050765526
complaint_text__scrotal pain,1.5627564050765526
complaint_text__pain mild,1.5627564050765526
complaint_text__worsening,1.5583544536973089
complaint_text__plan,1.5528796157656022
complaint_text__ideation,1.5528796157656022
complaint_text__suicidal ideation,1.5528796157656022
complaint_text__systemic features,1.5527757913021492
complaint_text__contraception advice,1.5444239952216183
complaint_text__contraception,1.5444239952216183
complaint_text__non,1.5387901605888732
complaint_text__nausea,1.5382589832386493
complaint_text__blood glucose,1.5376202734205553
complaint_text__glucose monitoring,1.5376202734205553
complaint_text__glucose,1.5376202734205553
complaint_text__haemoptysis significant,1.5369604551645903
complaint_text__haemoptysis,1.5369604551645903
complaint_text__fulminant,1.5346995763280777
complaint_text__ground,1.5288905776001112
complaint_text__chest tightness,1.5283872848026023
complaint_text__tightness with,1.5283872848026023
complaint_text__with dyspnoea,1.5283872848026023
complaint_text__tightness,1.5283872848026023
complaint_text__mania,1.52514483523198
complaint_text__acute mania,1.52514483523198
complaint_text__mania with,1.52514483523198
complaint_text__with risk,1.52514483523198
complaint_text__muscle,1.5246659991190827
complaint_text__hypoglycaemia unresponsive,1.5245922136169061
complaint_text__requiring,1.5205005818606323
complaint_text__epistaxis requiring,1.5205005818606323
complaint_text__significant epistaxis,1.5205005818606323
complaint_text__requiring intervention,1.5205005818606323
complaint_text__intervention,1.5205005818606323
complaint_text__altered,1.517878248967542
complaint_text__altered mental,1.517878248967542
complaint_text__mental status,1.517878248967542
complaint_text__ongoing,1.5113061168066535
complaint_text__fever with,1.498757639916424
complaint_text__septic,1.4927740067271476
complaint_text__panic attack,1.4921255359682823
complaint_text__panic,1.4921255359682823
complaint_text__attack,1.4921255359682823
complaint_text__attack now,1.4921255359682823
complaint_text__blood pressure,1.4892839648765066
complaint_text__pressure check,1.4892839648765066
complaint_text__pressure,1.4892839648765066
complaint_text__ischaemia,1.484295449683251
complaint_text__loss of,1.4785163888943191
complaint_text__sudden loss,1.4785163888943191
complaint_text__of vision,1.4785163888943191
complaint_text__vision,1.4785163888943191
complaint_text__after ground,1.4758152716166821
complaint_text__bruising,1.4758152716166821
complaint_text__level,1.4758152716166821
complaint_text__ground level,1.4758152716166821
complaint_text__bruising after,1.4758152716166821
complaint_text__level fall,1.4758152716166821
complaint_text__drop prescription,1.474713667968318
complaint_text__eye drop,1.474713667968318
complaint_text__prescription query,1.474713667968318
complaint_text__drop,1.474713667968318
complaint_text__retinal,1.471977362766487
complaint_text__irritation,1.4701880199776078
complaint_text__bite local,1.4674112433622437
complaint_text__insect bite,1.4674112433622437
complaint_text__sti with,1.4656358403598149
complaint_text__facial trauma,1.464101972002164
complaint_text__moderate facial,1.464101972002164
complaint_text__vascular compromise,1.462589663848491
complaint_text__dislocation,1.462589663848491
complaint_text__with vascular,1.462589663848491
complaint_text__dislocation with,1.462589663848491
complaint_text__vascular,1.462589663848491
complaint_text__shoulder dislocation,1.462589663848491
complaint_text__glasses prescription,1.4620998387501332
complaint_text__glasses,1.4620998387501332
complaint_text__prescription question,1.4620998387501332
complaint_text__inquiry,1.4616382194322604
complaint_text__ecg result,1.4616382194322604
complaint_text__result inquiry,1.4616382194322604
complaint_text__ecg,1.4616382194322604
complaint_text__result,1.4616382194322604
complaint_text__skin,1.46028913946868
complaint_text__acute adrenal,1.4591397344311576
complaint_text__adrenal insufficiency,1.4591397344311576
complaint_text__insufficiency,1.4591397344311576
complaint_text__acute nstemi,1.4582704577630294
complaint_text__nstemi,1.4582704577630294
complaint_text__referral query,1.4537560211734106
complaint_text__endocrine,1.4537560211734106
complaint_text__endocrine referral,1.4537560211734106
complaint_text__fever,1.4520002052982204
complaint_text__health question,1.4513349897166876
complaint_text__general health,1.4513349897166876
complaint_text__penetrating,1.4444174124689504
complaint_text__fall,1.4329621430454456
complaint_text__pancreatitis,1.431544353075944
complaint_text__pancreatitis with,1.4272246950532148
complaint_text__acute pancreatitis,1.4272246950532148
complaint_text__organ dysfunction,1.4272246950532148
complaint_text__dysfunction,1.4272246950532148
complaint_text__with organ,1.4272246950532148
complaint_text__colic with,1.4264996746134468
complaint_text__single,1.4264996746134468
complaint_text__single kidney,1.4264996746134468
complaint_text__with single,1.4264996746134468
complaint_text__kidney,1.4264996746134468
complaint_text__severe renal,1.4264996746134468
complaint_text__activity advice,1.4248157975463358
complaint_text__reaction,1.421050435952068
complaint_text__advice diabetic,1.417902302119248
complaint_text__contact lens,1.4154267815323005
complaint_text__lens problem,1.4154267815323005
complaint_text__problem,1.4154267815323005
complaint_text__lens,1.4154267815323005
complaint_text__and vomiting,1.4120163098273848
complaint_text__without blood,1.4120163098273848
complaint_text__vomiting without,1.4120163098273848
complaint_text__nausea and,1.4120163098273848
complaint_text__moderate asthma,1.4101915793086146
complaint_text__asthma exacerbation,1.4101915793086146
complaint_text__exacerbation,1.4101915793086146
complaint_text__storm,1.4084983658166141
complaint_text__thyroid storm,1.4084983658166141
complaint_text__head bump,1.4073505149181949
complaint_text__no loc,1.4073505149181949
complaint_text__bump no,1.4073505149181949
complaint_text__bump,1.4073505149181949
complaint_text__minor head,1.4073505149181949
complaint_text__cough review,1.407238854087448
complaint_text__chronic cough,1.407238854087448
complaint_text__back pain,1.4041251691408054
complaint_text__back,1.4041251691408054
complaint_text__diabetes,1.4027704025933274
complaint_text__movement,1.392707130393027
complaint_text__with movement,1.392707130393027
complaint_text__cord,1.3912627649520455
complaint_text__cord injury,1.3912627649520455
complaint_text__spinal cord,1.3912627649520455
complaint_text__spinal,1.3912627649520455
complaint_text__with deficit,1.3912627649520455
complaint_text__complications,1.3902786985308668
complaint_text__fall with,1.3895110626011997
complaint_text__advice with,1.3890754877956695
complaint_text__discomfort,1.386492278067417
complaint_text__discomfort stable,1.386492278067417
complaint_text__chest discomfort,1.386492278067417
complaint_text__mild chest,1.386492278067417
complaint_text__bruised,1.3852710494492997
complaint_text__bruised knee,1.3852710494492997
complaint_text__after fall,1.3852710494492997
complaint_text__knee after,1.3852710494492997
complaint_text__bleeding,1.384971890461925
complaint_text__necrotising infection,1.3846306360621587
complaint_text__spreading necrotising,1.3846306360621587
complaint_text__hypertensive,1.3838420492644323
complaint_text__hypertensive emergency,1.3838420492644323
complaint_text__emergency,1.3838420492644323
complaint_text__severe hypertensive,1.3838420492644323
complaint_text__urgent,1.3826912794763744
complaint_text__non urgent,1.3826912794763744
complaint_text__urgent review,1.3826912794763744
complaint_text__renal colic,1.3753297246360214
complaint_text__colic,1.3753297246360214
complaint_text__migrans,1.3703039375232078
complaint_text__migrans tick,1.3703039375232078
complaint_text__tick,1.3703039375232078
complaint_text__tick bite,1.3703039375232078
complaint_text__erythema,1.3703039375232078
complaint_text__erythema migrans,1.3703039375232078
complaint_text__wheeze,1.3679363031882457
complaint_text__wheeze controlled,1.3679363031882457
complaint_text__mild wheeze,1.3679363031882457
complaint_text__ovarian torsion,1.362484995846382
complaint_text__ovarian,1.362484995846382
complaint_text__headache with,1.3585764498678745
complaint_text__antihypertensive,1.3574280707250999
complaint_text__refill request,1.3574280707250999
complaint_text__refill,1.3574280707250999
complaint_text__antihypertensive refill,1.3574280707250999
complaint_text__prophylaxis,1.3553869963911533
complaint_text__prophylaxis question,1.3553869963911533
complaint_text__travel prophylaxis,1.3553869963911533
complaint_text__travel,1.3553869963911533
complaint_text__dizziness,1.3548132140210656
complaint_text__dissection suspected,1.3547155588538362
complaint_text__dissection,1.3547155588538362
complaint_text__aortic dissection,1.3547155588538362
complaint_text__haemothorax,1.3544997280062412
complaint_text__with haemothorax,1.3544997280062412
complaint_text__medication side,1.3531136484744724
complaint_text__effect,1.3531136484744724
complaint_text__effect question,1.3531136484744724
complaint_text__side effect,1.3531136484744724
complaint_text__side,1.3531136484744724
complaint_text__chronic flare,1.3418924828957821
complaint_text__pain chronic,1.3418924828957821
complaint_text__shoulder pain,1.3418924828957821
complaint_text__runny,1.333472594985395
complaint_text__nose,1.333472594985395
complaint_text__runny nose,1.333472594985395
complaint_text__throat with,1.3330030062779934
complaint_text__mild confusion,1.332435192157006
complaint_text__confusion now,1.332435192157006
complaint_text__intermittent,1.3319919671272404
complaint_text__contact dermatitis,1.3284578455498974
complaint_text__mild contact,1.3284578455498974
complaint_text__dermatitis,1.3284578455498974
complaint_text__pain with,1.328210719068237
complaint_text__severe hypoglycaemia,1.3259044477794704
complaint_text__at rest,1.325263314583348
complaint_text__dyspnoea at,1.325263314583348
complaint_text__rest,1.325263314583348
complaint_text__at,1.325263314583348
complaint_text__severe dyspnoea,1.325263314583348
complaint_text__abdominal pain,1.314534644848482
complaint_text__moderate abdominal,1.314534644848482
complaint_text__acne advice,1.3138419287053036
complaint_text__acne,1.3138419287053036
complaint_text__necrotising fasciitis,1.3132246888008337
complaint_text__fasciitis,1.3132246888008337
complaint_text__onset,1.3113265504450031
complaint_text__bone fracture,1.3005783041820673
complaint_text__bone,1.3005783041820673
complaint_text__meningococcal,1.2925220302535472
complaint_text__worsening with,1.2916711836967727
complaint_text__anaphylaxis,1.291357884121308
complaint_text__anaphylaxis with,1.291357884121308
complaint_text__confusion,1.27984118216509
complaint_text__monitoring,1.2756432564706457
complaint_text__massive pulmonary,1.2746323906063124
complaint_text__review with,1.273552811116147
complaint_text__health medication,1.2725084690510904
complaint_text__mental health,1.2725084690510904
complaint_text__removal request,1.2690061720400878
complaint_text__bacterial,1.2581373891415686
complaint_text__bacterial meningitis,1.2581373891415686
complaint_text__meningitis suspected,1.2581373891415686
complaint_text__uti with,1.2575995045576287
complaint_text__ischaemic,1.2541317942811028
complaint_text__suspected with,1.2457715009829955
complaint_text__community pneumonia,1.2434165694042922
complaint_text__pneumonia moderate,1.2434165694042922
complaint_text__unknown,1.2408886955982348
complaint_text__open femur,1.2377605833321972
complaint_text__femur fracture,1.2377605833321972
complaint_text__femur,1.2377605833321972
complaint_text__sting local,1.2334740466156253
complaint_text__insect sting,1.2334740466156253
complaint_text__sting,1.2334740466156253
complaint_text__request with,1.2290788297313078
complaint_text__deficits,1.2268397628275935
complaint_text__acute stroke,1.2268397628275935
complaint_text__focal deficits,1.2268397628275935
complaint_text__focal,1.2268397628275935
complaint_text__with focal,1.2268397628275935
complaint_text__fracture with,1.2259334992673847
complaint_text__coma,1.224133999664303
complaint_text__inhaler,1.214512790223016
complaint_text__technique,1.214512790223016
complaint_text__technique question,1.214512790223016
complaint_text__inhaler technique,1.214512790223016
complaint_text__dehydration with,1.2134099892487775
complaint_text__question with,1.2119777603454474
complaint_text__new facial,1.2100159136234283
complaint_text__droop resolved,1.2100159136234283
complaint_text__facial droop,1.2100159136234283
complaint_text__droop,1.2100159136234283
complaint_text__bear,1.203839305181964
complaint_text__injury unable,1.203839305181964
complaint_text__weight bear,1.203839305181964
complaint_text__knee injury,1.203839305181964
complaint_text__unable,1.203839305181964
complaint_text__to weight,1.203839305181964
complaint_text__unable to,1.203839305181964
complaint_text__body sensation,1.2004906855060284
complaint_text__sensation,1.2004906855060284
complaint_text__epistaxis,1.1879720461413985
complaint_text__palpitations with,1.1859589051584265
complaint_text__atrial,1.1843784149342733
complaint_text__atrial fibrillation,1.1843784149342733
complaint_text__onset atrial,1.1843784149342733
complaint_text__general,1.1793757898022657
complaint_text__bullous pemphigoid,1.1675509260541637
complaint_text__bullous,1.1675509260541637
complaint_text__pemphigoid,1.1675509260541637
complaint_text__pemphigoid acute,1.1675509260541637
complaint_text__functional impairment,1.1667487124111517
complaint_text__impairment,1.1667487124111517
complaint_text__anxiety with,1.1667487124111517
complaint_text__functional,1.1667487124111517
complaint_text__acute anxiety,1.1667487124111517
complaint_text__with functional,1.1667487124111517
complaint_text__compartment syndrome,1.1568427610987717
complaint_text__compartment,1.1568427610987717
complaint_text__knee,1.1558010835737091
complaint_text__days,1.153502865929805
complaint_text__abscess with,1.145000317725239
complaint_text__abscess,1.145000317725239
complaint_text__suicidal,1.1427086629518626
complaint_text__septic arthritis,1.1424063520157113
complaint_text__swollen joint,1.1424063520157113
complaint_text__arthritis,1.1424063520157113
complaint_text__joint septic,1.1424063520157113
complaint_text__arthritis query,1.1424063520157113
complaint_text__swollen,1.1424063520157113
complaint_text__hot swollen,1.1424063520157113
complaint_text__hot,1.1424063520157113
complaint_text__tonsillitis with,1.1405137218171317
complaint_text__dysuria with,1.1260945906914401
complaint_text__severe self,1.1182028522041918
complaint_text__harm,1.1182028522041918
complaint_text__self harm,1.1182028522041918
complaint_text__with complications,1.1161970173252425
complaint_text__brain,1.1095734985888603
complaint_text__brain injury,1.1095734985888603
complaint_text__traumatic brain,1.1095734985888603
complaint_text__obstruction,1.1065436223365919
complaint_text__injury with,1.1061582395215672
complaint_text__traumatic amputation,1.1017322589328704
complaint_text__amputation,1.1017322589328704
complaint_text__vomiting,1.0974234305144468
complaint_text__loss query,1.096989858547505
complaint_text__hearing,1.096989858547505
complaint_text__mild hearing,1.096989858547505
complaint_text__hearing loss,1.096989858547505
complaint_text__laceration with,1.0952600987377827
complaint_text__injuries,1.0932819972200392
complaint_text__speed,1.0932819972200392
complaint_text__multiple injuries,1.0932819972200392
complaint_text__mva multiple,1.0932819972200392
complaint_text__speed mva,1.0932819972200392
complaint_text__high speed,1.0932819972200392
complaint_text__multiple,1.0932819972200392
complaint_text__abdominal trauma,1.0878487788564142
complaint_text__trauma stable,1.0878487788564142
complaint_text__blunt abdominal,1.0878487788564142
complaint_text__stable vitals,1.0878487788564142
complaint_text__haemorrhage with,1.0863094951328027
complaint_text__vomiting with,1.062004202958969
complaint_text__post exposure,1.0610568356267716
complaint_text__post,1.0610568356267716
complaint_text__exposure advice,1.0610568356267716
complaint_text__exposure,1.0610568356267716
categorical__mental_status_triage_alert,1.0602389677526072
categorical__sex_Other,1.0573059867505066
complaint_text__fall from,1.0434832522547886
complaint_text__height,1.0434832522547886
complaint_text__from height,1.0434832522547886
complaint_text__height significant,1.0434832522547886
complaint_text__from,1.0434832522547886
complaint_text__significant mechanism,1.0434832522547886
complaint_text__bleed haematemesis,1.040892987426865
complaint_text__haematemesis,1.040892987426865
complaint_text__acute upper,1.040892987426865
complaint_text__gi bleed,1.040892987426865
complaint_text__upper gi,1.040892987426865
complaint_text__bleed,1.040892987426865
complaint_text__thoracic trauma,1.039502544340437
complaint_text__blunt thoracic,1.039502544340437
complaint_text__thoracic,1.039502544340437
complaint_text__with haemodynamic,1.036578588880532
complaint_text__haemodynamic,1.036578588880532
complaint_text__ventricular fibrillation,1.0356499417926261
complaint_text__ventricular,1.0356499417926261
complaint_text__with diaphoresis,1.0334382467377745
complaint_text__diaphoresis,1.0334382467377745
complaint_text__collapse,1.0327080751941278
complaint_text__no,1.030738882133619
complaint_text__moderate with,1.0301349076571524
complaint_text__with loc,1.0281865974338913
complaint_text__head injury,1.0281865974338913
complaint_text__significant head,1.0281865974338913
complaint_text__globe rupture,1.0249480771706296
complaint_text__globe,1.0249480771706296
complaint_text__rupture,1.0249480771706296
complaint_text__retention,1.022871411408597
complaint_text__urinary retention,1.022871411408597
complaint_text__acute urinary,1.022871411408597
complaint_text__stab wound,1.0205667144496098
complaint_text__stab,1.0205667144496098
complaint_text__aortic,1.0150324493249407
complaint_text__conjunctivitis with,1.0129240384165206
complaint_text__clinically,1.0113861832127402
complaint_text__clinically suspected,1.0113861832127402
complaint_text__wound with,1.0111828440450137
complaint_text__pulmonary embolism,1.0101114912611722
complaint_text__pulmonary,1.0101114912611722
complaint_text__embolism,1.0101114912611722
complaint_text__physiotherapy referral,1.0098083221136371
complaint_text__physiotherapy,1.0098083221136371
complaint_text__referral question,1.0098083221136371
complaint_text__severe asthma,1.0023999502300964
categorical__sex_F,1.0012344067104006
complaint_text__asthma,1.000241155227068
complaint_text__productive,0.992275493198256
complaint_text__with night,0.992275493198256
complaint_text__productive cough,0.992275493198256
complaint_text__new productive,0.992275493198256
complaint_text__sweats,0.992275493198256
complaint_text__night,0.992275493198256
complaint_text__night sweats,0.992275493198256
complaint_text__sleep,0.9909083036911539
complaint_text__sleep hygiene,0.9909083036911539
complaint_text__hygiene advice,0.9909083036911539
complaint_text__hygiene,0.9909083036911539
numeric__chief_complaint_char_len,0.98839951158233
complaint_text__failure with,0.9868269470790999
complaint_text__respiratory arrest,0.9865238787367717
complaint_text__cause,0.9829979918911625
complaint_text__unknown cause,0.9829979918911625
complaint_text__of unknown,0.9829979918911625
complaint_text__coma of,0.9829979918911625
complaint_text__cough with,0.9792308597035546
complaint_text__organ,0.9729784336244686
complaint_text__traumatic,0.9712087803071763
complaint_text__hepatitis,0.9706549148246675
complaint_text__fulminant hepatitis,0.9706549148246675
complaint_text__localised with,0.9705097767814888
complaint_text__with associated,0.9702656884861034
complaint_text__associated nausea,0.9702656884861034
complaint_text__associated,0.9702656884861034
complaint_text__tension,0.9701022974553133
complaint_text__tension pneumothorax,0.9701022974553133
complaint_text__pneumothorax,0.9701022974553133
complaint_text__advice worsening,0.9647614904054965
categorical__sex_M,0.9633982800573051
complaint_text__abrasion with,0.9632037379523091
complaint_text__violence risk,0.9623868694229871
complaint_text__with violence,0.9623868694229871
complaint_text__acute psychosis,0.9623868694229871
complaint_text__violence,0.9623868694229871
complaint_text__suspected worsening,0.9592973664081667
complaint_text__hypoglycaemia with,0.9584859711867116
complaint_text__disturbance,0.9532462894162956
complaint_text__electrolyte disturbance,0.9532462894162956
complaint_text__severe electrolyte,0.9532462894162956
complaint_text__query with,0.9529223797842121
complaint_text__severe with,0.9518041461523442
complaint_text__removal with,0.9407313488234083
complaint_text__mood with,0.9402812114665112
complaint_text__infection localised,0.934274763251542
complaint_text__pneumonia with,0.9302111698702815
complaint_text__community acquired,0.9302111698702815
complaint_text__acquired,0.9302111698702815
complaint_text__acquired pneumonia,0.9302111698702815
complaint_text__adrenal,0.9246089748513278
complaint_text__symptoms with,0.9170602004749748
complaint_text__urosepsis with,0.9163533667577968
complaint_text__abdominal stab,0.9085125124993454
complaint_text__penetrating abdominal,0.9085125124993454
complaint_text__with airway,0.9082822226888213
complaint_text__flare with,0.9032121450090361
complaint_text__sunburn with,0.9019485150146973
complaint_text__self neglect,0.900464461059747
complaint_text__significant self,0.900464461059747
complaint_text__with medical,0.900464461059747
complaint_text__neglect with,0.900464461059747
complaint_text__neglect,0.900464461059747
complaint_text__medical complications,0.900464461059747
categorical__age_group_pediatric,0.895328537600788
complaint_text__fibrillation with,0.8927052358815789
complaint_text__severe acute,0.8916223957083961
complaint_text__acute abdomen,0.8916223957083961
complaint_text__blunt,0.8830785065458977
complaint_text__deficit,0.8824884747932368
complaint_text__review worsening,0.8763091534678651
complaint_text__headache worsening,0.8760565580115458
complaint_text__cardiogenic,0.8740881935477459
complaint_text__cardiogenic shock,0.8740881935477459
complaint_text__fatigue with,0.8736486062601967
complaint_text__low,0.8715430520066766
complaint_text__hyperglycaemic state,0.8702322244719328
complaint_text__hyperosmolar,0.8702322244719328
complaint_text__state,0.8702322244719328
complaint_text__hyperosmolar hyperglycaemic,0.8702322244719328
complaint_text__rash with,0.868299133585011
complaint_text__stroke,0.8677338714797687
complaint_text__stroke with,0.8677338714797687
complaint_text__acute altered,0.8672623740566421
complaint_text__systemic symptoms,0.8672175941517374
complaint_text__unexplained weight,0.8672175941517374
complaint_text__unexplained,0.8672175941517374
complaint_text__weight loss,0.8672175941517374
complaint_text__loss with,0.8672175941517374
complaint_text__follow,0.866133715780703
complaint_text__up,0.866133715780703
complaint_text__follow up,0.866133715780703
complaint_text__ruptured,0.8577829553735153
complaint_text__unclear with,0.8542107888872975
complaint_text__long,0.8491963166295455
complaint_text__long bone,0.8491963166295455
complaint_text__massive long,0.8491963166295455
complaint_text__hypothermia with,0.8448149906904565
complaint_text__acute airway,0.8385408748066693
complaint_text__airway obstruction,0.8385408748066693
complaint_text__obstruction angioedema,0.8385408748066693
complaint_text__angioedema,0.8385408748066693
complaint_text__priapism,0.8376617638907753
complaint_text__with ischaemia,0.8376617638907753
complaint_text__priapism with,0.8376617638907753
complaint_text__vitals with,0.8358407034032067
complaint_text__haemorrhage for,0.8332902715971094
complaint_text__with vomiting,0.8302728043290498
complaint_text__trauma with,0.8286540722240827
complaint_text__for days,0.8286028539838026
complaint_text__for,0.8286028539838026
complaint_text__query worsening,0.8271841261538132
complaint_text__failure,0.8257300253490557
complaint_text__retention with,0.8228566814883586
complaint_text__tonsillitis worsening,0.8226224008152225
complaint_text__patient,0.8207056451369603
complaint_text__advice no,0.8201959463163456
complaint_text__toxic,0.8188436893257386
complaint_text__sepsis with,0.8180477887253434
complaint_text__with altered,0.8180477887253434
complaint_text__suspected no,0.8171815214148003
complaint_text__signs,0.817064538288833
complaint_text__controlled with,0.8139340964015818
complaint_text__acute orbital,0.8125536005419154
complaint_text__orbital compartment,0.8125536005419154
complaint_text__multi,0.8073958533475732
complaint_text__status,0.8070760496054736
complaint_text__headache in,0.8029704396314482
complaint_text__mild with,0.8021878637144472
complaint_text__delirium,0.7953597523599296
complaint_text__excited delirium,0.7953597523599296
complaint_text__excited,0.7953597523599296
complaint_text__question worsening,0.7947974978614887
complaint_text__constant,0.7904615003143532
complaint_text__gi,0.7897121805744534
complaint_text__detachment with,0.7839389113100388
complaint_text__drowning with,0.7798458092408198
complaint_text__cardiac,0.7786168367122578
complaint_text__cardiac arrest,0.7786168367122578
complaint_text__mesenteric ischaemia,0.7778289911895225
complaint_text__acute mesenteric,0.7778289911895225
complaint_text__mesenteric,0.7778289911895225
complaint_text__acute drug,0.7774120279764629
complaint_text__drug overdose,0.7774120279764629
complaint_text__drug,0.7774120279764629
complaint_text__with collapse,0.7774120279764629
complaint_text__risk,0.7682387533191217
complaint_text__in,0.7652905142530987
complaint_text__review in,0.7625352662116162
complaint_text__severe traumatic,0.7613658196321146
complaint_text__query no,0.7598331120872721
complaint_text__haemorrhage worsening,0.7594821032183622
complaint_text__strain with,0.7528201538814252
complaint_text__moderate worsening,0.7496878479642384
complaint_text__request worsening,0.7485221054039931
complaint_text__review no,0.7480919523447522
complaint_text__mva,0.7452792292898037
complaint_text__pain no,0.744097764582404
complaint_text__dyspnoea with,0.7411455322541803
complaint_text__herpeticum with,0.7405436905263515
complaint_text__pain worsening,0.7404405961214215
complaint_text__paperwork with,0.7385433091914051
complaint_text__question no,0.7375872451287742
complaint_text__purpura,0.7371406058030907
complaint_text__meningococcal purpura,0.7371406058030907
complaint_text__localised worsening,0.7358218480867554
categorical__age_group_elderly,0.7346890449105394
complaint_text__psychosis,0.7320187545788671
complaint_text__suture,0.730719568981639
complaint_text__suture removal,0.730719568981639
categorical__age_group_young_adult,0.7303690763158404
categorical__chief_complaint_system_psychiatric,0.7280287943755979
complaint_text__suspected since,0.7187915227947104
complaint_text__throat worsening,0.7099046835240344
complaint_text__severe anaphylaxis,0.7044536366949861
complaint_text__with bronchospasm,0.7044536366949861
complaint_text__bronchospasm,0.7044536366949861
complaint_text__urticaria,0.70260811793105
complaint_text__with urticaria,0.70260811793105
complaint_text__hepatic failure,0.7020341528540608
complaint_text__fulminant hepatic,0.7020341528540608
complaint_text__hepatic,0.7020341528540608
complaint_text__glaucoma with,0.7002683025925289
complaint_text__epistaxis with,0.6985345103892998
complaint_text__shock onset,0.6979439767281026
complaint_text__urosepsis worsening,0.6978104890828766
complaint_text__uncontrolled with,0.6935602800860378
complaint_text__epistaxis uncontrolled,0.6935602800860378
complaint_text__haemodynamic compromise,0.6935602800860378
complaint_text__uncontrolled,0.6935602800860378
complaint_text__soreness with,0.6933149403603652
complaint_text__eyes with,0.6894963280211367
complaint_text__artery occlusion,0.6876495616431778
complaint_text__retinal artery,0.6876495616431778
complaint_text__central retinal,0.6876495616431778
complaint_text__central,0.6876495616431778
complaint_text__occlusion,0.6876495616431778
complaint_text__artery,0.6876495616431778
complaint_text__fever worsening,0.6876315556234366
complaint_text__paraesthesia with,0.6876124255442017
complaint_text__discharge with,0.6854171034285486
categorical__chief_complaint_system_gastrointestinal,0.6839761177321664
complaint_text__conjunctivitis worsening,0.682611266404142
complaint_text__question in,0.6824741694835268
complaint_text__dysphagia with,0.6821360869192254
complaint_text__skin tag,0.6770373308178147
complaint_text__tag removal,0.6770373308178147
complaint_text__tag,0.6770373308178147
complaint_text__fatigue worsening,0.6721574003012598
complaint_text__status with,0.6688512507455695
complaint_text__septicaemia,0.6679765089818046
complaint_text__meningococcal septicaemia,0.6679765089818046
categorical__age_group_middle_aged,0.6673536448098274
complaint_text__neck,0.6614135771572722
complaint_text__penetrating neck,0.6614135771572722
complaint_text__neck trauma,0.6614135771572722
complaint_text__days with,0.659995521239507
complaint_text__light with,0.6595088710893997
complaint_text__necrotising,0.6572384707813524
complaint_text__moderate onset,0.654941399517275
complaint_text__loc with,0.6532130710519949
complaint_text__diarrhoea with,0.6528133764544016
complaint_text__advice in,0.6514355489752925
complaint_text__glaucoma constant,0.6510351533299682
complaint_text__advice since,0.6510092300400395
categorical__chief_complaint_system_trauma,0.6491003399376816
complaint_text__laceration worsening,0.647998228392584
complaint_text__haemorrhage since,0.6479979941632947
complaint_text__obtundation,0.6477176063846031
complaint_text__ketoacidosis with,0.6477176063846031
complaint_text__diabetic ketoacidosis,0.6477176063846031
complaint_text__ketoacidosis,0.6477176063846031
complaint_text__with obtundation,0.6477176063846031
complaint_text__yesterday,0.6468421962503809
complaint_text__since,0.6468421962503809
complaint_text__since yesterday,0.6468421962503809
complaint_text__bloating with,0.6458049721731831
complaint_text__seizure with,0.6433475320328153
complaint_text__assessment with,0.6432624346618241
complaint_text__eye with,0.643253012859264
complaint_text__screening with,0.6417525138398398
complaint_text__necrolysis,0.6413515762591144
complaint_text__epidermal necrolysis,0.6413515762591144
complaint_text__toxic epidermal,0.6413515762591144
complaint_text__epidermal,0.6413515762591144
complaint_text__dehydration worsening,0.6403367120543499
complaint_text__cramping with,0.6399828507918273
complaint_text__with fever,0.6399704947178357
complaint_text__severe worsening,0.6392311388376783
complaint_text__rigors,0.6373813568543796
complaint_text__with rigors,0.6373813568543796
complaint_text__swelling with,0.6363402650265328
categorical__chief_complaint_system_endocrine,0.6342360431670109
complaint_text__massive transfusion,0.6325912865262439
complaint_text__transfusion requirement,0.6325912865262439
complaint_text__transfusion,0.6325912865262439
complaint_text__requirement,0.6325912865262439
complaint_text__pulseless electrical,0.6308945219546067
complaint_text__pulseless,0.6308945219546067
complaint_text__electrical,0.6308945219546067
complaint_text__electrical activity,0.6308945219546067
complaint_text__ache with,0.6304051625839221
complaint_text__intoxication with,0.630267261210537
complaint_text__syndrome with,0.6274534373967442
complaint_text__review since,0.6273639383378333
categorical__chief_complaint_system_other,0.6255243440472564
complaint_text__hypoxia with,0.6253195107026144
complaint_text__of,0.6249424702861262
complaint_text__ear with,0.6245267525906943
complaint_text__sprain with,0.6245084087818746
complaint_text__skin with,0.6243251943043824
complaint_text__feeling with,0.6211600076710103
complaint_text__peritonitis,0.619890529626707
complaint_text__bowel perforation,0.619890529626707
complaint_text__bowel,0.619890529626707
complaint_text__perforation,0.619890529626707
complaint_text__with peritonitis,0.619890529626707
complaint_text__perforation with,0.619890529626707
complaint_text__afebrile with,0.6187965413204894
complaint_text__referral with,0.6187837666122
complaint_text__plan with,0.6178147886617615
complaint_text__laceration no,0.617293272370182
complaint_text__photophobia with,0.6138987562627476
complaint_text__cough,0.6118220395262639
complaint_text__recurrence with,0.6102861062709939
complaint_text__retention worsening,0.6098618427294017
complaint_text__pain for,0.6096921235337984
complaint_text__torsion no,0.605988488971019
complaint_text__abrasion worsening,0.6055287164270222
complaint_text__exertion with,0.603217190787005
complaint_text__harm with,0.6025121995141315
complaint_text__coma with,0.6018263319594521
complaint_text__to thorax,0.6014352159634206
complaint_text__wound to,0.6014352159634206
complaint_text__gunshot,0.6014352159634206
complaint_text__thorax,0.6014352159634206
complaint_text__gunshot wound,0.6014352159634206
complaint_text__advice for,0.59882284293776
complaint_text__unresponsive with,0.5983033945496206
complaint_text__shock with,0.5977394567177553
complaint_text__significant with,0.5976988287566656
complaint_text__infected with,0.5961493622422744
complaint_text__with neurological,0.5960831789982478
complaint_text__spine injury,0.5960831789982478
complaint_text__cervical,0.5960831789982478
complaint_text__spine,0.5960831789982478
complaint_text__cervical spine,0.5960831789982478
complaint_text__neurological,0.5960831789982478
complaint_text__neurological deficit,0.5960831789982478
complaint_text__adrenal crisis,0.596065578684035
categorical__chief_complaint_system_ophthalmic,0.5959045122823289
complaint_text__fracture worsening,0.5930562184542209
complaint_text__epilepticus refractory,0.5912715457704065
complaint_text__refractory,0.5912715457704065
complaint_text__status epilepticus,0.5912715457704065
complaint_text__epilepticus,0.5912715457704065
complaint_text__review for,0.5897878751597061
complaint_text__concern with,0.5891285008474302
complaint_text__bilateral,0.5878146832805913
complaint_text__burn,0.5878146832805913
complaint_text__burn bilateral,0.5878146832805913
complaint_text__eye burn,0.5878146832805913
complaint_text__chemical eye,0.5878146832805913
complaint_text__chemical,0.5878146832805913
complaint_text__removal worsening,0.5873348508874712
complaint_text__substance worsening,0.5870311605552034
complaint_text__prescription with,0.5867195892412587
complaint_text__nose with,0.584812921957196
complaint_text__onset today,0.5837883119315718
complaint_text__today,0.5837883119315718
complaint_text__weakness with,0.5779578390780422
complaint_text__gastroenteritis with,0.5778426236099816
complaint_text__flare worsening,0.577517442122735
complaint_text__blurring with,0.5758620520735505
complaint_text__suspected onset,0.5753960412324062
complaint_text__redness with,0.5752112749881734
complaint_text__pain since,0.5750207996124231
complaint_text__syncope with,0.5743249419630112
complaint_text__elderly with,0.5738528437297676
complaint_text__active,0.5737813672119462
complaint_text__attempt,0.5737813672119462
complaint_text__active suicidal,0.5737813672119462
complaint_text__attempt ongoing,0.5737813672119462
complaint_text__suicidal attempt,0.5737813672119462
complaint_text__unconscious mechanism,0.5733145418331734
complaint_text__unconscious,0.5733145418331734
complaint_text__mechanism unclear,0.5733145418331734
complaint_text__found unconscious,0.5733145418331734
complaint_text__found,0.5733145418331734
complaint_text__question since,0.5700837985319007
complaint_text__intent with,0.5674069367107293
complaint_text__suspected for,0.5657635037748026
categorical__mental_status_triage_confused,0.563973998623145
complaint_text__incontinence with,0.5636540931280427
complaint_text__palpitations worsening,0.5636319984744954
complaint_text__headache onset,0.5635072724327551
complaint_text__reaction with,0.5627909023435035
complaint_text__ectopic pregnancy,0.5584935953231398
complaint_text__pregnancy,0.5584935953231398
complaint_text__ruptured ectopic,0.5584935953231398
complaint_text__ectopic,0.5584935953231398
complaint_text__retropharyngeal,0.5583664872737718
complaint_text__retropharyngeal abscess,0.5583664872737718
complaint_text__airway compromise,0.5583664872737718
complaint_text__eye,0.5581692840039686
complaint_text__vomiting worsening,0.5574361523931023
complaint_text__mild worsening,0.5566827350093295
complaint_text__glaucoma in,0.5553767594966514
categorical__mental_status_triage_agitated,0.5549974042551764
complaint_text__rash worsening,0.5538701839799931
complaint_text__contamination with,0.553457447156503
complaint_text__mechanism,0.5532067810428305
complaint_text__vision with,0.5522091568623922
complaint_text__headache for,0.5478406140708011
complaint_text__headache intermittent,0.5458279336433125
complaint_text__dizziness with,0.5457851372418955
complaint_text__advice intermittent,0.5450098668850678
complaint_text__advice onset,0.5425876146357881
complaint_text__congestion with,0.5415936944956069
complaint_text__hypothermia worsening,0.5403000009966529
complaint_text__question for,0.5379706503208973
numeric__spo2,0.5375026938859648
complaint_text__abrasion no,0.5373632233761666
complaint_text__emergency with,0.5367778172866241
complaint_text__fatigue in,0.5362103879872749
complaint_text__request since,0.5326986760316875
complaint_text__trismus with,0.5316121892771013
complaint_text__intervention with,0.5315741611508835
complaint_text__fever no,0.5289125085587056
complaint_text__ischaemia with,0.5286864260583185
complaint_text__closure glaucoma,0.5283060732421292
complaint_text__glaucoma,0.5283060732421292
complaint_text__acute angle,0.5283060732421292
complaint_text__closure,0.5283060732421292
complaint_text__angle,0.5283060732421292
complaint_text__angle closure,0.5283060732421292
complaint_text__locked,0.5280800408457216
complaint_text__syndrome signs,0.5280800408457216
complaint_text__locked in,0.5280800408457216
complaint_text__in syndrome,0.5280800408457216
complaint_text__query in,0.5269249162108098
complaint_text__infection with,0.5261785118103907
complaint_text__jaundice with,0.5261315449656887
complaint_text__symptomatic with,0.5259168424511683
complaint_text__crisis no,0.5253765391442828
complaint_text__torsion in,0.5242584478728053
complaint_text__fever in,0.5201848578887786
complaint_text__tonsillitis in,0.5198083418220778
complaint_text__malaria with,0.518280610054231
complaint_text__tonsillitis constant,0.5180006630793248
complaint_text__radiation with,0.5174109522843688
categorical__chief_complaint_system_respiratory,0.5163038842945527
complaint_text__blood with,0.5162896499028451
complaint_text__unstable,0.5151358477467786
complaint_text__fracture haemodynamically,0.5151358477467786
complaint_text__pelvic,0.5151358477467786
complaint_text__pelvic fracture,0.5151358477467786
complaint_text__haemodynamically,0.5151358477467786
complaint_text__haemodynamically unstable,0.5151358477467786
complaint_text__in known,0.5145183483381941
complaint_text__known patient,0.5145183483381941
complaint_text__significant no,0.5138530900950219
complaint_text__nstemi with,0.5091674846403169
complaint_text__controlled worsening,0.5090234715513013
complaint_text__shock no,0.5085667067509152
complaint_text__suspected in,0.5084730638746087
complaint_text__question onset,0.507513711094094
complaint_text__fracture for,0.5067796829530948
complaint_text__39 with,0.5061927341124346
complaint_text__symptoms worsening,0.5061881912339097
complaint_text__localised no,0.5057509082911706
complaint_text__pain onset,0.5056940096883815
complaint_text__septic shock,0.5044951064779233
complaint_text__shock multi,0.5044951064779233
complaint_text__multi organ,0.5044951064779233
complaint_text__organ failure,0.5044951064779233
complaint_text__bloating worsening,0.5043329109371827
complaint_text__severe no,0.5023313511976356
complaint_text__shock constant,0.5021063558644471
complaint_text__torsion worsening,0.5016092403828886
complaint_text__laceration since,0.5010474226077374
complaint_text__laceration in,0.5004050170634993
complaint_text__tonsillitis for,0.4995815273570045
complaint_text__sunburn worsening,0.49742468962005953
complaint_text__with cardiogenic,0.49706944722674484
complaint_text__stemi with,0.49706944722674484
complaint_text__stemi,0.49706944722674484
complaint_text__acute stemi,0.49706944722674484
complaint_text__inquiry with,0.4969469245830972
complaint_text__this,0.49581747239767965
complaint_text__of this,0.49581747239767965
complaint_text__history,0.49581747239767965
complaint_text__history of,0.49581747239767965
complaint_text__prior history,0.49581747239767965
complaint_text__prior,0.49581747239767965
complaint_text__no prior,0.49581747239767965
categorical__chief_complaint_system_cardiovascular,0.4953540894179781
complaint_text__arrest with,0.49458569602263164
complaint_text__pain in,0.49442329292864307
complaint_text__paperwork worsening,0.4933633215778929
complaint_text__recurrence worsening,0.49110993494049976
complaint_text__discharge worsening,0.491106092888841
complaint_text__dermatitis with,0.487027467373515
complaint_text__intoxication worsening,0.48678573731486796
complaint_text__fracture since,0.48465262473298615
complaint_text__problem with,0.48451556070745455
complaint_text__haemorrhage in,0.4843215896262961
complaint_text__question constant,0.48376039041410834
complaint_text__suspected intermittent,0.4821565748507881
complaint_text__headache since,0.48099396407901107
numeric__pain_score_clean,0.4808347251623669
complaint_text__conjunctivitis in,0.4799849330106893
complaint_text__kidney with,0.47878992025964634
complaint_text__substance with,0.47766431894466976
complaint_text__decompensation with,0.4758245781740322
complaint_text__review intermittent,0.4757762017590796
complaint_text__cellulitis no,0.47547224206220395
complaint_text__fall worsening,0.47383653797996284
complaint_text__insufficiency with,0.4724710056906667
complaint_text__instability with,0.472402713900706
complaint_text__monitoring with,0.4717291614213542
complaint_text__suspected constant,0.46866208756478994
complaint_text__tonsillitis intermittent,0.4684274513349716
complaint_text__fatigue constant,0.46803124823921305
complaint_text__fatigue since,0.46756992047128004
complaint_text__throat onset,0.4672908992910395
complaint_text__patient with,0.46690233370318224
categorical__mental_status_triage_drowsy,0.46558566493884834
complaint_text__diabetic with,0.46525708411984434
complaint_text__dehydration in,0.46452076843691825
complaint_text__query onset,0.46238802200275125
complaint_text__hypoglycaemia worsening,0.4619807703762249
complaint_text__query for,0.46071626584517145
complaint_text__review constant,0.45857663598643744
complaint_text__conjunctivitis since,0.45850875313114886
complaint_text__vitals worsening,0.4581615769725961
complaint_text__fracture no,0.456389664834575
complaint_text__fasciitis rapid,0.45491221808081805
complaint_text__rapid,0.45491221808081805
complaint_text__spread,0.45491221808081805
complaint_text__rapid spread,0.45491221808081805
complaint_text__hepatitis no,0.4549081583115216
complaint_text__unresponsive in,0.4545365357521739
complaint_text__bleeding with,0.45442530589029895
complaint_text__severe cardiogenic,0.45356951989095967
complaint_text__dyspnoea worsening,0.45123789856469865
complaint_text__dehydration no,0.4504428718212951
complaint_text__complications with,0.4486606764199704
complaint_text__gcs,0.4474559082645718
complaint_text__injury gcs,0.4474559082645718
complaint_text__referral worsening,0.4473726331803042
complaint_text__johnson,0.4471028270006544
complaint_text__stevens johnson,0.4471028270006544
complaint_text__johnson syndrome,0.4471028270006544
complaint_text__stevens,0.4471028270006544
complaint_text__headache constant,0.44670724081334007
complaint_text__resolved with,0.44656034014661417
complaint_text__compromise,0.44592936625207313
complaint_text__hepatitis with,0.4456099641639192
complaint_text__dysfunction with,0.44558382759564663
complaint_text__crush injury,0.44556390095577936
complaint_text__with compartment,0.44556390095577936
complaint_text__crush,0.44556390095577936
complaint_text__irritation worsening,0.44477122493781585
complaint_text__strain worsening,0.44450387245460055
complaint_text__laceration for,0.4443889315397708
complaint_text__bite with,0.44420468250029205
complaint_text__features with,0.4429887205012813
complaint_text__question intermittent,0.4414869199461072
complaint_text__headache no,0.44068875190022333
complaint_text__epistaxis worsening,0.4398863628966995
complaint_text__irritation with,0.4390097870982658
complaint_text__stable with,0.43900266007647437
complaint_text__shock worsening,0.43897146557412886
complaint_text__throat constant,0.4388696987332933
complaint_text__pain constant,0.4388597323494052
complaint_text__localised onset,0.43834774778311525
complaint_text__conjunctivitis for,0.43662568279651737
complaint_text__conjunctivitis no,0.43577459908585087
complaint_text__wound worsening,0.4350650034664552
complaint_text__detachment worsening,0.43503693747853334
complaint_text__moderate no,0.4346491575144108
complaint_text__fatigue onset,0.43431143340987255
categorical__chief_complaint_system_ENT,0.43424863943958664
complaint_text__drowning worsening,0.43368221923142924
complaint_text__fever for,0.4330273851410945
complaint_text__request for,0.4314210065614141
complaint_text__rest with,0.4306880523842366
complaint_text__significant worsening,0.43015867287978765
complaint_text__obtundation with,0.43015807211179513
complaint_text__swelling worsening,0.4291185957018902
complaint_text__severe facial,0.4281770806002311
complaint_text__airway risk,0.4281770806002311
complaint_text__facial fractures,0.4281770806002311
complaint_text__fractures with,0.4281770806002311
complaint_text__fractures,0.4281770806002311
complaint_text__unresponsive worsening,0.4273961332680319
complaint_text__abrasion in,0.42728444294974033
complaint_text__mechanism with,0.4269226314068232
complaint_text__worsening worsening,0.42685470576377493
complaint_text__moderate for,0.42622698604278997
complaint_text__fever constant,0.4261416530768315
complaint_text__torsion onset,0.42554186151220214
categorical__chief_complaint_system_infectious,0.42536956832097345
complaint_text__collapse with,0.42506457062910596
complaint_text__exacerbation with,0.4246161147343347
complaint_text__abrasion since,0.42418468518792496
complaint_text__query constant,0.4240489384046029
complaint_text__laceration intermittent,0.42372456750763055
complaint_text__psychosis with,0.42363727396442374
complaint_text__resolved worsening,0.42234262613168755
categorical__chief_complaint_system_musculoskeletal,0.4222251047640849
complaint_text__severe since,0.4206842200560428
complaint_text__deficits with,0.4205812170351265
complaint_text__herniation signs,0.42041710585655745
complaint_text__massive ischaemic,0.42041710585655745
complaint_text__ischaemic stroke,0.42041710585655745
complaint_text__with herniation,0.42041710585655745
complaint_text__herniation,0.42041710585655745
complaint_text__up with,0.41991751671857747
complaint_text__mild onset,0.41953381461215483
complaint_text__tonsillitis since,0.4181790459431626
complaint_text__torsion with,0.4177871334915517
complaint_text__glaucoma intermittent,0.41765695575728046
numeric__temperature_c,0.41590704337285356
complaint_text__conjunctivitis onset,0.4155751157856846
complaint_text__symptoms in,0.4154388153543847
complaint_text__vomiting no,0.41514914611729914
complaint_text__impairment with,0.41392267188744525
complaint_text__urosepsis since,0.4137609362352319
complaint_text__fracture constant,0.41291132455015156
complaint_text__localised for,0.4128949142467938
complaint_text__sunburn in,0.41227115414462434
complaint_text__mood worsening,0.4122683486286626
complaint_text__haemothorax with,0.4119821144154502
complaint_text__advice request,0.41135491921875217
complaint_text__laceration onset,0.4112593279186741
complaint_text__request no,0.4104345019823731
complaint_text__severe for,0.41019892875853026
complaint_text__urosepsis in,0.4100037471153099
complaint_text__embolism with,0.409875657077304
complaint_text__acute with,0.40950964720383964
complaint_text__unclear worsening,0.40944087354937375
complaint_text__dysphagia worsening,0.40783517356899884
complaint_text__fever since,0.4078062672245631
complaint_text__flare no,0.40729821393513854
complaint_text__ear worsening,0.407274962459642
complaint_text__mild in,0.4055584111809168
complaint_text__request intermittent,0.4026492160488891
complaint_text__mild no,0.4023962722794538
complaint_text__flare onset,0.4023329894575765
complaint_text__eye worsening,0.4022451624985357
complaint_text__moderate constant,0.40146025248136563
complaint_text__abrasion onset,0.40119390798254867
complaint_text__controlled no,0.40065596504817147
complaint_text__screening worsening,0.4006482328068223
complaint_text__seizure worsening,0.39996258170047205
complaint_text__pain intermittent,0.39939579643053846
complaint_text__hypoglycaemia since,0.3987403838676091
categorical__chief_complaint_system_neurological,0.39753438325326834
numeric__chief_complaint_word_count,0.3945902824535909
complaint_text__fatigue for,0.39408077491566423
complaint_text__haemorrhage no,0.3940028166034805
complaint_text__abrasion intermittent,0.3938688858383778
complaint_text__severe intermittent,0.392268833546551
complaint_text__conjunctivitis constant,0.39155152463687426
complaint_text__request in,0.39119964962437237
complaint_text__ache worsening,0.3906008055029626
complaint_text__concern worsening,0.39059623513553837
complaint_text__dehydration intermittent,0.39003309945738346
complaint_text__skin worsening,0.3899238200993903
complaint_text__abdomen with,0.38809780897497775
complaint_text__check with,0.38807833449945645
complaint_text__abrasion for,0.3870843394598803
categorical__chief_complaint_system_dermatological,0.3868051904188051
complaint_text__review onset,0.3865709968253818
complaint_text__peritonitis with,0.3858826653032109
complaint_text__tonsillitis onset,0.38579642978734896
complaint_text__cough worsening,0.3854937183317762
complaint_text__conjunctivitis intermittent,0.38539399468721425
complaint_text__hypoglycaemia constant,0.38467198668282554
complaint_text__resolved no,0.38396361430015763
complaint_text__localised constant,0.38388997616723414
complaint_text__crisis with,0.383240419406271
complaint_text__epistaxis no,0.3821127849924408
complaint_text__over hours,0.3820679121270448
complaint_text__hours,0.3820679121270448
complaint_text__over,0.3820679121270448
complaint_text__worsening over,0.3820679121270448
complaint_text__amputation with,0.3819106567381569
complaint_text__eyes worsening,0.381742037454451
complaint_text__bilateral for,0.381701669290626
numeric__respiratory_rate,0.3813807209542778
complaint_text__deficit with,0.3809255794275399
complaint_text__sensation with,0.38062281378446106
complaint_text__bear with,0.38030352055760797
complaint_text__symptomatic worsening,0.3798470692340612
complaint_text__coma worsening,0.3798194728709994
complaint_text__moderate since,0.3791689632059566
complaint_text__advice constant,0.37907593976636406
complaint_text__malaria worsening,0.3786086675830562
complaint_text__wound in,0.37833488308571833
complaint_text__multi system,0.3769313081073939
complaint_text__mva unresponsive,0.3769313081073939
complaint_text__system,0.3769313081073939
complaint_text__system trauma,0.3769313081073939
complaint_text__trauma mva,0.3769313081073939
complaint_text__torsion intermittent,0.37538651531567024
complaint_text__hypoxia worsening,0.37518075537133566
complaint_text__presenting as,0.37432902194190226
complaint_text__flank pain,0.37432902194190226
complaint_text__as flank,0.37432902194190226
complaint_text__as,0.37432902194190226
complaint_text__aortic aneurysm,0.37432902194190226
complaint_text__aneurysm presenting,0.37432902194190226
complaint_text__ruptured aortic,0.37432902194190226
complaint_text__presenting,0.37432902194190226
complaint_text__flank,0.37432902194190226
complaint_text__aneurysm,0.37432902194190226
complaint_text__localised since,0.3736070882905505
complaint_text__removal in,0.3735341106605051
complaint_text__controlled in,0.3724555452971495
complaint_text__injuries with,0.3715843985795958
categorical__pain_location_head,0.37152070011520166
complaint_text__query since,0.37077975989688444
complaint_text__throat in,0.3704440033385607
complaint_text__days worsening,0.3698275346490435
complaint_text__sweats with,0.3697297079951062
complaint_text__herpeticum worsening,0.3693856874932818
complaint_text__fever onset,0.367969730246692
complaint_text__haematemesis with,0.36713060647327556
complaint_text__vitals in,0.3671059886467572
complaint_text__gastroenteritis worsening,0.3669775346182852
complaint_text__symptoms for,0.36674512060062947
complaint_text__infection worsening,0.3642395388236487
complaint_text__torsion for,0.3640183442221621
complaint_text__fatigue no,0.3629451199530956
complaint_text__laceration constant,0.36248455672555774
complaint_text__throat since,0.362127293129289
complaint_text__torsion constant,0.3621131368963918
complaint_text__rash no,0.36103751044543597
complaint_text__significant intermittent,0.36092051665060737
complaint_text__throat no,0.3605856415701168
complaint_text__fatigue intermittent,0.36049651654309234
complaint_text__removal intermittent,0.3604573531518339
complaint_text__paraesthesia worsening,0.360414431985068
complaint_text__diarrhoea worsening,0.3601731685347668
complaint_text__asthma with,0.360113373322421
complaint_text__bloating since,0.3598408394910183
complaint_text__sprain worsening,0.3595835697760177
complaint_text__to treatment,0.35950644378591334
complaint_text__treatment,0.35950644378591334
complaint_text__unresponsive to,0.35950644378591334
complaint_text__status asthmaticus,0.35950644378591334
complaint_text__asthmaticus unresponsive,0.35950644378591334
complaint_text__asthmaticus,0.35950644378591334
complaint_text__fever intermittent,0.359124864232533
complaint_text__blurring worsening,0.3590326893262073
complaint_text__recurrence no,0.35854148563383764
complaint_text__fracture intermittent,0.35820600932868335
complaint_text__symptoms onset,0.3576918989880097
complaint_text__throat for,0.35732570640083205
complaint_text__cellulitis in,0.35729858328565717
complaint_text__ache no,0.3569344638860207
categorical__pain_location_extremity,0.35572469501277937
complaint_text__light worsening,0.3556893869247368
complaint_text__sunburn constant,0.35396714392596984
categorical__pain_location_multiple,0.35361659541281976
complaint_text__unclear in,0.35361380761040284
categorical__pain_location_back,0.3535382280417425
complaint_text__moderate in,0.3524973472051431
complaint_text__disturbance with,0.35159003942033196
complaint_text__severe onset,0.35024564197127234
complaint_text__mood for,0.34920627873578447
complaint_text__fracture in,0.348974002699145
complaint_text__unknown collapse,0.34874101083527403
complaint_text__collapse unresponsive,0.34874101083527403
complaint_text__cellulitis onset,0.3484521979228544
complaint_text__tonsillitis no,0.3468573532671334
complaint_text__cramping worsening,0.34670801283469255
complaint_text__nstemi worsening,0.34641039412264363
complaint_text__pneumothorax for,0.3455302108137853
complaint_text__syncope worsening,0.34532104927786633
complaint_text__occlusion with,0.3451964929466323
complaint_text__strain no,0.3440043016718602
complaint_text__elderly worsening,0.34323297822753
complaint_text__paraesthesia no,0.3420997680320238
complaint_text__symptoms no,0.3419172732144283
complaint_text__glaucoma onset,0.34160152247355524
complaint_text__urticaria with,0.3414911111264437
complaint_text__storm with,0.34101323232271064
complaint_text__severe in,0.33906348041014966
complaint_text__request onset,0.33707775474725665
complaint_text__palpitations no,0.3370353805801255
numeric__systolic_bp,0.33671002024261965
complaint_text__rupture with,0.33632154472843734
complaint_text__dehydration since,0.33620486383944664
complaint_text__removal no,0.33613962823918736
categorical__pain_location_abdomen,0.3361232776271549
categorical__pain_location_unknown,0.3351978802519839
complaint_text__worsening no,0.333665443270334
complaint_text__vomiting onset,0.3332489088753552
complaint_text__rash onset,0.33259173206952947
complaint_text__urosepsis onset,0.3322699619688799
complaint_text__query intermittent,0.33189944887499584
complaint_text__mild for,0.33173243902062577
complaint_text__symptoms since,0.33145399634677924
complaint_text__soreness worsening,0.33128548263157276
complaint_text__disturbance worsening,0.3303925033910727
complaint_text__fracture onset,0.3293741005885333
complaint_text__radiation worsening,0.3288307848715454
complaint_text__instability worsening,0.3285913690044965
complaint_text__hypothermia no,0.3275047344086194
complaint_text__dyspnoea no,0.32729810011326066
complaint_text__seizure onset,0.3272248578039505
complaint_text__vomiting intermittent,0.3269966632826024
complaint_text__trauma worsening,0.32643707409654577
complaint_text__vomiting in,0.32563852479112115
complaint_text__wound intermittent,0.3254713417027729
complaint_text__incontinence worsening,0.3251990208375242
complaint_text__palpitations in,0.3243778780053878
complaint_text__purpura worsening,0.32378945829123
complaint_text__risk with,0.3236807965504809
complaint_text__cause in,0.3236727292033476
complaint_text__emergency worsening,0.32297692617812224
complaint_text__dehydration constant,0.32284660253341035
complaint_text__bloating in,0.3225750877943506
complaint_text__arrest intermittent,0.32239800943911046
categorical__pain_location_chest,0.32229767408738225
complaint_text__paperwork no,0.32148897331089427
complaint_text__vitals intermittent,0.3213889836204122
complaint_text__rash constant,0.3204352731964174
complaint_text__fibrillation onset,0.3201375308209554
complaint_text__severe constant,0.32004743756077786
complaint_text__dysfunction worsening,0.32000060918374157
complaint_text__coma in,0.31997654856237545
complaint_text__shock since,0.31969282294657975
complaint_text__rash in,0.31925475303903816
complaint_text__intoxication onset,0.31916620369820964
complaint_text__referral no,0.31860918347389644
complaint_text__unclear for,0.3183763333833258
complaint_text__monitoring worsening,0.31834541833467933
complaint_text__request constant,0.31771505324043464
complaint_text__dehydration onset,0.31727841266602963
complaint_text__haemorrhage constant,0.3170064596505485
complaint_text__dysuria for,0.31638295439727937
complaint_text__bloating no,0.31602339827303777
complaint_text__vomiting for,0.31529215761249624
complaint_text__dyspnoea constant,0.3152903484383932
complaint_text__fall no,0.3151144989433486
complaint_text__photophobia worsening,0.31506119620441975
complaint_text__urosepsis for,0.3144810578192781
complaint_text__harm since,0.313692975323133
complaint_text__flare in,0.31233730318070674
complaint_text__mood in,0.3122154027679044
complaint_text__symptoms intermittent,0.311499839030387
complaint_text__palpitations intermittent,0.31093141555598375
complaint_text__significant for,0.3097536733235432
categorical__pain_location_none,0.3088426483247039
complaint_text__arrest since,0.3088307021408586
complaint_text__contamination worsening,0.3086714829355998
complaint_text__intent in,0.30857185568556333
complaint_text__jaundice worsening,0.30857134816151194
complaint_text__controlled onset,0.3080685483592065
complaint_text__epistaxis onset,0.3070673757940417
complaint_text__urosepsis no,0.30696844719430033
complaint_text__failure onset,0.30674680940332844
complaint_text__dysuria worsening,0.3062854129520146
complaint_text__epistaxis in,0.3061925020016454
complaint_text__cellulitis since,0.30603787524314263
complaint_text__irritation no,0.305550631479661
categorical__pain_location_pelvis,0.304284170767854
complaint_text__ear no,0.30405344674842255
complaint_text__complications worsening,0.3034489525545878
complaint_text__strain onset,0.3024938413492424
complaint_text__requirement in,0.3022281243446919
complaint_text__cellulitis worsening,0.30205022545512217
complaint_text__mild since,0.30106228123531725
complaint_text__localised in,0.30086365218024325
complaint_text__haemothorax for,0.2991235869643932
complaint_text__hypoglycaemia onset,0.2990067552799903
complaint_text__dyspnoea in,0.29822937793877813
complaint_text__retention onset,0.29798804532263523
complaint_text__weakness worsening,0.2973692390770819
complaint_text__shock for,0.2969007784160157
complaint_text__weakness no,0.29673440480064034
complaint_text__mood no,0.2964749587836782
complaint_text__wound no,0.296142651781564
complaint_text__discharge onset,0.29611687055102676
complaint_text__problem worsening,0.2960745742968644
complaint_text__unclear no,0.2960368129357463
complaint_text__harm for,0.29595095812400174
complaint_text__removal for,0.29579362035504114
complaint_text__discharge for,0.29571067769427606
complaint_text__plan worsening,0.2956363452388408
complaint_text__assessment worsening,0.29532175742411926
complaint_text__vitals constant,0.2948518391323965
complaint_text__mild constant,0.2943608387794008
complaint_text__throat intermittent,0.2938087177694286
complaint_text__sunburn intermittent,0.2937856098683723
complaint_text__discharge no,0.2935968989749263
complaint_text__flare since,0.2927663818604627
complaint_text__dyspnoea since,0.2924343932856507
complaint_text__syncope for,0.29193913969968055
complaint_text__feeling worsening,0.2918854599810875
complaint_text__removal onset,0.291791920434636
complaint_text__palpitations onset,0.29162186440163984
complaint_text__vitals since,0.29148231876238645
complaint_text__dysuria no,0.2912215203778953
complaint_text__vomiting since,0.291138570256431
complaint_text__loc worsening,0.29092127696627107
complaint_text__eyes no,0.29030150532873683
complaint_text__rash since,0.2898451844526468
complaint_text__moderate intermittent,0.2894964003654551
complaint_text__fasciitis with,0.28850045768337235
complaint_text__insufficiency worsening,0.2884847247637576
complaint_text__dyspnoea for,0.2880574341953556
complaint_text__afebrile worsening,0.28803417597187914
complaint_text__redness no,0.28802383496316153
complaint_text__amputation onset,0.287726198193048
complaint_text__dizziness worsening,0.2874785232893141
complaint_text__cramping no,0.2872504514717481
complaint_text__redness worsening,0.28708098371062496
complaint_text__cough no,0.28628066565706617
complaint_text__amputation worsening,0.28619195952370624
complaint_text__shock in,0.2856289915009953
complaint_text__congestion worsening,0.285616411891936
complaint_text__cellulitis for,0.28527025361034875
complaint_text__reaction for,0.28523818222308217
complaint_text__hypothermia onset,0.2848269551717872
complaint_text__localised intermittent,0.2840105126739165
complaint_text__flare for,0.2828629313230785
complaint_text__vitals for,0.2827392855072047
complaint_text__instability intermittent,0.28247857609086285
complaint_text__exertion for,0.28232422528820816
complaint_text__trismus in,0.2822592717391281
complaint_text__blurring for,0.28194035637416304
complaint_text__intoxication in,0.2819026727519878
complaint_text__crisis worsening,0.2817783852843455
complaint_text__ischaemia no,0.28037014308709696
complaint_text__state with,0.2802863897399313
complaint_text__glaucoma since,0.2800585520223969
complaint_text__seizure for,0.279879613665036
complaint_text__spread with,0.2797886211869639
complaint_text__haemorrhage intermittent,0.27968950866778275
complaint_text__coma since,0.27830109596198693
complaint_text__controlled for,0.2780846224686528
complaint_text__patient worsening,0.27781451036549176
complaint_text__haemothorax onset,0.2766996893271762
complaint_text__diarrhoea for,0.27634618087442436
complaint_text__features in,0.27611394094092856
complaint_text__trismus constant,0.2759933079339668
complaint_text__paraesthesia in,0.275795118342287
complaint_text__eye onset,0.27565548182959093
complaint_text__flare constant,0.2756188632833
complaint_text__eye in,0.2755738098699075
complaint_text__glaucoma for,0.27553153571300404
complaint_text__nose worsening,0.27537769449111427
complaint_text__elderly onset,0.27517485903961697
complaint_text__worsening onset,0.2751227777686611
complaint_text__harm worsening,0.2748360108548771
complaint_text__lower gi,0.2747393468333503
complaint_text__gi haemorrhage,0.2747393468333503
complaint_text__massive lower,0.2747393468333503
complaint_text__lower,0.2747393468333503
complaint_text__infected worsening,0.2738448757766255
complaint_text__palpitations since,0.2733196271052954
complaint_text__drowning since,0.27273208021170486
complaint_text__hypoglycaemia intermittent,0.27270923564728744
complaint_text__ear in,0.27247168706935854
complaint_text__trauma intermittent,0.2723711578901228
complaint_text__strain since,0.27222840352562516
complaint_text__gastroenteritis no,0.27177057103706215
complaint_text__kidney worsening,0.271426374588538
complaint_text__sunburn since,0.27101315318956964
complaint_text__fall in,0.2707708960623377
complaint_text__vitals no,0.27051038286012474
complaint_text__exertion worsening,0.2702975011602503
complaint_text__stable worsening,0.2702319298558573
complaint_text__cellulitis intermittent,0.26946483032868956
complaint_text__days in,0.26930268736122953
complaint_text__epistaxis for,0.2688361922184762
complaint_text__unclear onset,0.2677690872550861
complaint_text__decompensation worsening,0.2676477766447886
complaint_text__sunburn no,0.26717588458075514
complaint_text__screening in,0.2663753102151004
complaint_text__light in,0.26606921049450244
complaint_text__mood since,0.2658261166671448
complaint_text__ear for,0.26581010074706174
complaint_text__gastroenteritis in,0.2655780048368073
complaint_text__feeling no,0.26520318599193
complaint_text__urosepsis intermittent,0.2646860886440339
complaint_text__worsening in,0.264664984345398
complaint_text__dehydration for,0.26464126180012654
complaint_text__intent worsening,0.2645033995745042
complaint_text__intoxication no,0.26449077962689366
complaint_text__palpitations for,0.2644900099539969
complaint_text__controlled intermittent,0.2641623140664313
complaint_text__urosepsis constant,0.2637329240796375
complaint_text__dyspnoea onset,0.2630400722064411
complaint_text__worsening intermittent,0.2627513973378906
complaint_text__dysphagia constant,0.2625766121091841
complaint_text__epistaxis since,0.2622418175844021
complaint_text__features no,0.2617843649591854
complaint_text__discharge in,0.26127495748641066
complaint_text__sprain no,0.2612638216442367
complaint_text__refractory constant,0.2610457330616251
complaint_text__ischaemia intermittent,0.2609812187919609
complaint_text__flare intermittent,0.2609245045630417
complaint_text__palpitations constant,0.2608530279000817
complaint_text__reaction constant,0.2597847116509562
numeric__heart_rate,0.2597815175939965
complaint_text__psychosis worsening,0.25967169784817556
complaint_text__paraesthesia constant,0.2593471530495314
complaint_text__nose no,0.259141719766755
complaint_text__unresponsive for,0.25852754009323664
complaint_text__controlled constant,0.2583584366221669
complaint_text__diarrhoea no,0.2581722052752453
complaint_text__mild intermittent,0.2578477007930953
complaint_text__eye for,0.2578333127640369
complaint_text__vomiting constant,0.2571818259733428
complaint_text__psychosis constant,0.2566659523836101
complaint_text__failure no,0.25661373905948975
complaint_text__39 worsening,0.25658874718918023
complaint_text__retention for,0.2565206924108404
complaint_text__diarrhoea in,0.25633395575921425
complaint_text__rash intermittent,0.2563133485316424
complaint_text__vitals onset,0.2555936533152734
complaint_text__crisis constant,0.2554239892492185
complaint_text__rash for,0.2553669075026166
complaint_text__photophobia since,0.2552745335778536
complaint_text__infection in,0.25497118611510416
complaint_text__storm worsening,0.2544847386840117
complaint_text__status worsening,0.25442754225699954
complaint_text__crisis intermittent,0.25397631046778923
complaint_text__features worsening,0.2539251351070838
complaint_text__overdose no,0.2537811020665503
complaint_text__pregnancy with,0.2537324132118754
complaint_text__hypoxia for,0.2534819900436688
complaint_text__exertion no,0.25291603146416636
complaint_text__coma onset,0.2528945924800301
complaint_text__resolved in,0.2528535075032675
complaint_text__mood intermittent,0.25271986708630295
complaint_text__torsion since,0.25245371924493776
complaint_text__significant since,0.25120370241519563
complaint_text__incontinence intermittent,0.2509957605113819
complaint_text__requirement with,0.25079087153441737
complaint_text__bite worsening,0.25065832795014065
complaint_text__embolism worsening,0.2502566542483317
complaint_text__paraesthesia intermittent,0.2500074354603681
complaint_text__intervention for,0.24993701308640381
complaint_text__epistaxis constant,0.24934924482340987
complaint_text__toxic shock,0.2492557794639898
complaint_text__shock syndrome,0.2492557794639898
complaint_text__sunburn for,0.24904390777690227
complaint_text__worsening for,0.24879479727107498
complaint_text__exacerbation worsening,0.24841047158627938
complaint_text__strain intermittent,0.24794510545699713
complaint_text__diarrhoea since,0.2477526738851125
complaint_text__dysphagia since,0.24748653702639797
complaint_text__eye no,0.2473817323365798
complaint_text__recurrence in,0.24721658162765814
complaint_text__harm in,0.24679056496738488
complaint_text__syndrome onset,0.2466116454222064
complaint_text__detachment in,0.24617430601852272
complaint_text__unclear constant,0.24603470458087734
complaint_text__unclear intermittent,0.24568932528091772
complaint_text__treatment with,0.24513599951215034
complaint_text__coma intermittent,0.24477271341488893
complaint_text__radiation no,0.24330311371548677
complaint_text__ischaemia worsening,0.24326757459661796
complaint_text__seizure in,0.24237313668278423
complaint_text__light no,0.242213420312902
complaint_text__detachment no,0.24199966541482723
complaint_text__rupture intermittent,0.24186775282858125
complaint_text__referral onset,0.24163388492013613
complaint_text__haemorrhage onset,0.24128740553324907
complaint_text__complications no,0.24065922825170766
complaint_text__signs with,0.2405031844146573
complaint_text__significant onset,0.24041990823450918
complaint_text__fall since,0.2403683283257192
complaint_text__fall intermittent,0.24024225783083564
complaint_text__jaundice no,0.24007676281023865
complaint_text__discharge since,0.23967496169720484
complaint_text__ache onset,0.23958816596666868
complaint_text__light for,0.23923400867706932
complaint_text__days since,0.23911624317710203
complaint_text__wound for,0.23910574689471287
complaint_text__sensation worsening,0.23830747545178327
complaint_text__intoxication since,0.23825415673629385
complaint_text__blood worsening,0.2381985909060945
complaint_text__abrasion constant,0.23811650757530786
complaint_text__fibrillation worsening,0.2378118479089077
complaint_text__drowning no,0.23763183521379205
complaint_text__strain in,0.23712950659538584
complaint_text__inquiry worsening,0.23672814560105912
complaint_text__swelling for,0.23662226885689613
complaint_text__eye since,0.23544045062960922
complaint_text__diabetic onset,0.2353310449155873
complaint_text__substance onset,0.2349909164570691
complaint_text__arrest worsening,0.23447532012166183
complaint_text__wound onset,0.23414042538773083
complaint_text__reaction worsening,0.23391770313058985
complaint_text__unclear since,0.23390469581930612
complaint_text__bronchospasm worsening,0.23370614666639447
complaint_text__paperwork since,0.2336531908069217
complaint_text__soreness onset,0.23352327863939246
complaint_text__diarrhoea intermittent,0.2332196533117287
complaint_text__paraesthesia onset,0.232964082297373
complaint_text__overdose in,0.23289790718977965
complaint_text__discharge constant,0.23277895065081494
complaint_text__sunburn onset,0.2321655364105414
complaint_text__resolved constant,0.23213492120791307
complaint_text__wound since,0.23203936040897194
complaint_text__days onset,0.23185287185696196
complaint_text__dermatitis worsening,0.23183663580453753
complaint_text__elderly constant,0.23107924694706883
complaint_text__deficit no,0.23107457368301265
complaint_text__exertion in,0.2309153925980636
complaint_text__dysphagia for,0.23081519677325263
complaint_text__symptomatic since,0.230767228685214
complaint_text__exertion since,0.23054239230008294
complaint_text__39 no,0.22957343939757563
complaint_text__syncope in,0.22945688224372782
complaint_text__contamination since,0.22944663007119387
complaint_text__embolism no,0.22894782104217182
complaint_text__congestion no,0.22876286593741507
complaint_text__crisis since,0.228447201468428
complaint_text__coma constant,0.22843182116229127
complaint_text__substance since,0.22822072974042676
complaint_text__prescription worsening,0.22818547897189018
complaint_text__retention no,0.22811792064804615
complaint_text__eyes in,0.2275006505830249
complaint_text__vision worsening,0.22696214806606024
complaint_text__recurrence for,0.2269030135691606
complaint_text__delirium with,0.2266565796310779
complaint_text__dysuria constant,0.22636240511279535
complaint_text__intervention worsening,0.22632846908347118
complaint_text__harm no,0.22628260053708066
complaint_text__trauma no,0.22618170411585758
complaint_text__skin since,0.22603864649890953
complaint_text__infection constant,0.22567282327252522
complaint_text__kidney no,0.2251713767097609
complaint_text__incontinence no,0.2250413768690888
complaint_text__prescription since,0.2249543041771352
complaint_text__drowning for,0.22489956853023094
complaint_text__crisis in,0.2248608129736082
complaint_text__removal since,0.22484179477548497
complaint_text__worsening constant,0.22458860940730432
complaint_text__recurrence since,0.2236377728497751
complaint_text__significant in,0.22344351744433885
complaint_text__assessment no,0.2231539496008556
complaint_text__redness in,0.2231163905370545
complaint_text__ear intermittent,0.22260459057171406
complaint_text__eyes onset,0.22250496386129454
complaint_text__intoxication constant,0.22249122741007824
complaint_text__skin onset,0.22242038555596083
complaint_text__swelling no,0.22185143534454738
complaint_text__dysfunction intermittent,0.22170601876524257
complaint_text__soreness no,0.22169492769438043
complaint_text__resolved for,0.22110898244207408
complaint_text__stable in,0.2209873862083746
complaint_text__exacerbation no,0.22078504944080724
complaint_text__swelling in,0.22070496567131603
complaint_text__dizziness no,0.22040266874977332
complaint_text__swelling intermittent,0.2203321116551337
complaint_text__prescription no,0.22014442755639402
complaint_text__paraesthesia since,0.21941200362813396
complaint_text__eyes intermittent,0.21888170999527584
complaint_text__dizziness since,0.21834548824215894
complaint_text__impairment worsening,0.2180171047215102
complaint_text__nstemi no,0.21799590528734553
complaint_text__inquiry since,0.21785209559339708
complaint_text__diabetic worsening,0.21782528348544425
complaint_text__paraesthesia for,0.21714686494080754
complaint_text__bloating constant,0.21712683011129658
complaint_text__unresponsive since,0.2167270923284775
complaint_text__blurring intermittent,0.216648132266414
complaint_text__detachment intermittent,0.21598188241328042
complaint_text__malaria no,0.2158075674267706
complaint_text__unstable with,0.21576095352672375
complaint_text__feeling since,0.2156196388666805
complaint_text__fasciitis constant,0.21556371329586566
complaint_text__intoxication for,0.21547086829050216
complaint_text__days no,0.21544899106303483
complaint_text__loc since,0.21521211344353258
complaint_text__eye intermittent,0.2150216329567541
complaint_text__overdose with,0.21496076293651628
complaint_text__instability since,0.2149424992320565
complaint_text__controlled since,0.21486935861419215
complaint_text__rest onset,0.21459320061618753
complaint_text__insufficiency onset,0.21415470130577813
complaint_text__photophobia no,0.21414239262321413
complaint_text__activity no,0.2139461369845273
complaint_text__hypoxia intermittent,0.21373947126813625
complaint_text__hypoxia onset,0.2137276354507641
complaint_text__rupture constant,0.21286838730317564
complaint_text__retention since,0.21281357785476565
complaint_text__worsening since,0.2123666115043994
complaint_text__feeling for,0.21227310278658268
complaint_text__redness intermittent,0.21215368640983398
complaint_text__eyes constant,0.21181463139306392
complaint_text__epistaxis intermittent,0.2118089718594689
complaint_text__diabetic no,0.2116841481062158
complaint_text__prescription for,0.2116550162859511
complaint_text__elderly for,0.21153291365064902
complaint_text__features for,0.21127000849928418
complaint_text__photophobia onset,0.2112494762856431
complaint_text__inquiry in,0.21111503252717925
complaint_text__afebrile in,0.21109825998800386
complaint_text__gastroenteritis since,0.21097774296191435
complaint_text__soreness for,0.21092265449910563
complaint_text__bronchospasm with,0.21041246013339648
numeric__bmi,0.21040743182691818
complaint_text__necrolysis with,0.21015694822975511
complaint_text__mood constant,0.21014570718120495
complaint_text__fall for,0.21004696691243113
complaint_text__assessment since,0.20979442051820762
complaint_text__rest worsening,0.209777693828635
complaint_text__symptomatic constant,0.20973994942151847
complaint_text__intervention constant,0.2097158179330055
complaint_text__screening constant,0.20964213959421088
complaint_text__bleeding worsening,0.20943534039918238
complaint_text__swelling onset,0.20930749207190996
complaint_text__signs in,0.2087272342433292
complaint_text__monitoring in,0.20870372841827112
complaint_text__harm intermittent,0.20867521711494158
complaint_text__infection since,0.20864022507946248
complaint_text__plan no,0.20863492479181112
complaint_text__diarrhoea onset,0.20860297720861448
complaint_text__seizure no,0.20837589227430456
complaint_text__exertion constant,0.2083739113982949
numeric__weight_kg,0.20835694455691828
complaint_text__resolved since,0.2083121406252097
complaint_text__stable since,0.2077161886656893
complaint_text__assessment onset,0.20762537437373024
complaint_text__seizure since,0.2075708409804032
complaint_text__days intermittent,0.20748471313584244
complaint_text__wound constant,0.2073118559079473
complaint_text__storm in,0.2068054795122633
numeric__diastolic_bp,0.2066275159439733
complaint_text__paperwork for,0.2062689997801232
complaint_text__significant constant,0.20611117529780168
complaint_text__gastroenteritis for,0.2060250467492577
complaint_text__removal constant,0.20580645935671565
complaint_text__check worsening,0.20572711687559164
complaint_text__intent since,0.20570358232757496
complaint_text__pneumothorax with,0.20530762359088056
complaint_text__trismus worsening,0.20514280890422346
complaint_text__blurring in,0.20444103994347143
complaint_text__bloating intermittent,0.20435697352637722
complaint_text__syncope no,0.2042746548872522
complaint_text__referral for,0.2042567639035552
complaint_text__elderly in,0.20403707642820912
complaint_text__intent onset,0.20402492657274282
complaint_text__bleeding in,0.2039951809302208
complaint_text__fall onset,0.20374156812928712
complaint_text__embolism in,0.20369163853742395
complaint_text__prescription intermittent,0.2030757590180628
complaint_text__mood onset,0.20263183353912745
complaint_text__malaria intermittent,0.20164701864188223
complaint_text__reaction since,0.2016156662736534
complaint_text__assessment for,0.20159962083884575
complaint_text__symptoms constant,0.20149117753350132
complaint_text__eyes since,0.201359280031948
complaint_text__kidney in,0.20132345761429105
complaint_text__deficit worsening,0.20130060076947479
complaint_text__paperwork onset,0.2008111077054416
complaint_text__detachment onset,0.20078411512623054
complaint_text__haemothorax in,0.20052507944923742
complaint_text__stable no,0.20051814585810943
complaint_text__detachment for,0.20047962052799195
complaint_text__recurrence intermittent,0.20020598110606178
complaint_text__harm onset,0.19972191581246207
complaint_text__hypoglycaemia no,0.19970863883243978
complaint_text__cough in,0.19963809386580808
complaint_text__concern in,0.1994846932492792
complaint_text__coma no,0.1994445310881625
complaint_text__bear worsening,0.19939009337911417
complaint_text__harm constant,0.19904559203921793
complaint_text__intent intermittent,0.19852865258059532
complaint_text__screening since,0.1982752046229866
complaint_text__plan in,0.19823573233655112
complaint_text__dysphagia intermittent,0.19813717895198285
complaint_text__irritation for,0.19800795750247907
complaint_text__photophobia intermittent,0.19766638211342902
complaint_text__deficits onset,0.19748137654572512
complaint_text__swelling since,0.1974327207106285
complaint_text__stable intermittent,0.19726779774306377
complaint_text__referral constant,0.19717914482162624
complaint_text__dysuria intermittent,0.19684399888710405
complaint_text__angioedema in,0.1964661866350026
complaint_text__complications since,0.19625364216820226
complaint_text__problem no,0.19603811642221605
complaint_text__haematemesis worsening,0.1960340686274864
complaint_text__paperwork intermittent,0.19603369776883794
complaint_text__exertion intermittent,0.19569440202938998
complaint_text__features constant,0.19556909307907894
complaint_text__nose in,0.19547716561202308
complaint_text__loc for,0.19545614986130755
complaint_text__trauma for,0.19493620038694706
complaint_text__signs intermittent,0.1948635381442508
complaint_text__photophobia for,0.19468467267661987
complaint_text__ache in,0.19467794822353518
complaint_text__ear constant,0.19441377465383958
complaint_text__jaundice onset,0.19432555688754058
complaint_text__blurring constant,0.19425814940458433
complaint_text__days for,0.19416674120635274
complaint_text__dizziness onset,0.19385021672215874
complaint_text__infection for,0.1936817170314935
complaint_text__ache intermittent,0.19352040628447228
complaint_text__instability constant,0.19321661098987314
complaint_text__hypoglycaemia for,0.1931580523364496
complaint_text__diarrhoea constant,0.19306389559584142
complaint_text__resolved onset,0.19289277141605674
complaint_text__patient constant,0.19284986904201498
complaint_text__39 since,0.19274071171870893
complaint_text__concern for,0.19245049494861496
complaint_text__nose intermittent,0.19235789770573936
complaint_text__instability no,0.192312066028738
complaint_text__detachment since,0.19227603628403073
complaint_text__recurrence onset,0.1922080258151509
complaint_text__syncope constant,0.19200169097476952
complaint_text__resolved intermittent,0.19198480822744773
complaint_text__status no,0.19188295580567138
complaint_text__bleeding no,0.191822714495763
complaint_text__dysphagia no,0.19166529317293857
complaint_text__infected since,0.19156420494038776
complaint_text__concern no,0.1910077768065816
complaint_text__assessment intermittent,0.19092762815882677
complaint_text__eyes for,0.19087932529490276
complaint_text__plan for,0.19085680312912018
complaint_text__ache constant,0.19063251702542003
complaint_text__dysphagia in,0.19051565977867338
complaint_text__elderly since,0.19043457157634203
complaint_text__infected for,0.19038883209438517
complaint_text__bloating for,0.18953446633377483
complaint_text__retention in,0.1892737299575134
complaint_text__trauma since,0.18864208603115168
complaint_text__dysuria since,0.18845716862682588
complaint_text__blood no,0.18842128340262923
complaint_text__overdose onset,0.18826711782617464
complaint_text__contamination onset,0.188205919704663
complaint_text__trismus intermittent,0.18816415423727234
complaint_text__sprain constant,0.18798362445574116
complaint_text__ischaemia for,0.18784112489907223
complaint_text__compromise with,0.187823618718596
complaint_text__psychosis since,0.18778043997299065
complaint_text__referral in,0.18769807972515426
complaint_text__collapse worsening,0.18768086071329662
complaint_text__congestion onset,0.1875885949147183
complaint_text__sprain intermittent,0.18751842194611956
complaint_text__contamination in,0.18737309117727646
complaint_text__syncope onset,0.1870476883391242
numeric__height_cm,0.18694677199243542
complaint_text__days constant,0.1867291101589082
complaint_text__malaria for,0.18668419706391562
complaint_text__weakness for,0.18667675815206314
complaint_text__decompensation in,0.18667055437515206
complaint_text__failure since,0.18661569386749094
complaint_text__decompensation constant,0.18655796279686107
complaint_text__feeling intermittent,0.1865514596283374
complaint_text__substance no,0.18646630767761355
complaint_text__problem constant,0.1861318352758174
complaint_text__dyspnoea intermittent,0.18596994870712497
complaint_text__soreness in,0.1858146825344082
complaint_text__intent for,0.18562718966153646
complaint_text__blurring no,0.18561589286748195
complaint_text__strain for,0.18559727464294232
complaint_text__jaundice since,0.18548326751936503
complaint_text__dysuria in,0.1853034349347406
complaint_text__gastroenteritis constant,0.18485175274155446
complaint_text__injuries worsening,0.18482637837987798
complaint_text__vision in,0.18473202386356685
complaint_text__loc onset,0.18464920509514487
complaint_text__prescription onset,0.1840262229869653
complaint_text__cramping for,0.1840235679832058
complaint_text__39 onset,0.18387589510055175
complaint_text__bleeding constant,0.183823214229505
complaint_text__feeling constant,0.18361101930793441
complaint_text__up worsening,0.1835067241683451
complaint_text__light onset,0.1833719381866133
complaint_text__insufficiency in,0.18334767426605494
complaint_text__irritation in,0.18299887952011895
complaint_text__symptomatic in,0.18299669275592653
complaint_text__acute worsening,0.1828882281453966
complaint_text__complications constant,0.18276913562527167
complaint_text__instability in,0.18256998463599336
complaint_text__dysuria onset,0.18256782555683976
complaint_text__trauma in,0.1823847715301729
complaint_text__cough onset,0.1823713842103589
complaint_text__delirium worsening,0.18220863489708086
complaint_text__drowning onset,0.1821087619475014
complaint_text__pneumothorax no,0.18191968390409763
complaint_text__eye constant,0.18185527139198862
complaint_text__cramping intermittent,0.1818288193465006
complaint_text__rest in,0.18170543033799144
complaint_text__bleeding for,0.18148100317715057
complaint_text__hypoxia no,0.1813156780440353
complaint_text__prescription in,0.181221558782879
complaint_text__39 intermittent,0.18111151896661243
complaint_text__psychosis onset,0.1808757365738337
complaint_text__loc no,0.18082317246906182
complaint_text__fibrillation since,0.18082086630454863
complaint_text__syncope since,0.18081507734881472
complaint_text__loc constant,0.18043676061910824
complaint_text__nose onset,0.18036040303005144
complaint_text__state worsening,0.18005203166170378
complaint_text__radiation since,0.17997201053821918
complaint_text__asthma in,0.17981358322485724
complaint_text__bloating onset,0.17963074531215792
complaint_text__nose since,0.17958076670453643
complaint_text__strain constant,0.17952805844543912
complaint_text__plan constant,0.1793532320368286
complaint_text__skin for,0.1792455150437556
complaint_text__failure worsening,0.17900362446162152
complaint_text__infection no,0.17879042311583138
complaint_text__unstable constant,0.1787281664392474
complaint_text__concern since,0.1782534116595967
complaint_text__hypoxia constant,0.17801420877316554
complaint_text__paperwork constant,0.1777944138431662
complaint_text__intoxication intermittent,0.17772459647989533
complaint_text__weakness intermittent,0.177533873518756
complaint_text__fibrillation intermittent,0.17740803522297616
complaint_text__fasciitis no,0.17737829380302791
complaint_text__dysphagia onset,0.17696443632960335
complaint_text__plan onset,0.1768191092621161
complaint_text__ear onset,0.17680208264124203
complaint_text__insufficiency no,0.1767319841923342
complaint_text__elderly no,0.17669046955909257
complaint_text__skin in,0.1765841333942331
complaint_text__weakness in,0.1764185095707111
complaint_text__contamination intermittent,0.17636276688636268
complaint_text__retention constant,0.17626170614832298
complaint_text__decompensation intermittent,0.1758996809119047
complaint_text__light intermittent,0.17584657015635408
complaint_text__cramping since,0.17545477483991162
complaint_text__herpeticum intermittent,0.17537312736818506
complaint_text__insufficiency constant,0.17442968308081847
complaint_text__trismus no,0.17382126558668787
complaint_text__status for,0.1737663544820504
complaint_text__infected in,0.17375971483627445
complaint_text__malaria since,0.17350837075024905
complaint_text__gastroenteritis intermittent,0.17326018170191598
complaint_text__acute no,0.17310761476791983
complaint_text__overdose worsening,0.17272417612337188
complaint_text__hypoxia in,0.17272287613950335
complaint_text__emergency since,0.17261000944094557
complaint_text__sprain onset,0.17243062217138724
complaint_text__glaucoma no,0.17240582563536913
complaint_text__patient no,0.17231507480682334
complaint_text__symptomatic no,0.17216278373225793
complaint_text__crisis onset,0.17213746389920753
complaint_text__loc in,0.17212438910320194
complaint_text__necrolysis intermittent,0.1719956442491497
complaint_text__seizure intermittent,0.17196735131481242
complaint_text__infection onset,0.17175916615187728
complaint_text__screening intermittent,0.17171238320709328
complaint_text__injuries no,0.17170607866263635
complaint_text__fibrillation for,0.17162378763667843
complaint_text__exacerbation for,0.1715530442526622
complaint_text__acute constant,0.17150479947655356
complaint_text__urticaria in,0.17142140396591815
complaint_text__signs worsening,0.1709467442847215
complaint_text__light constant,0.17090474987593626
complaint_text__jaundice constant,0.17079743939972222
complaint_text__photophobia in,0.17073152691451793
complaint_text__reaction in,0.17069290578529597
complaint_text__skin no,0.17023355276626378
complaint_text__concern onset,0.17021872955735948
complaint_text__light since,0.17000658322697682
complaint_text__cause no,0.16989630674247375
complaint_text__decompensation since,0.1696772056746844
complaint_text__photophobia constant,0.16925233886403918
complaint_text__exertion onset,0.16913667006643984
complaint_text__reaction no,0.16911117745593873
complaint_text__complications in,0.16890480598943852
complaint_text__loc intermittent,0.16877067261461595
complaint_text__cough for,0.1686417770929971
complaint_text__syndrome no,0.16828799019891588
complaint_text__cramping in,0.16809711929428856
complaint_text__swelling constant,0.1677219686740301
complaint_text__nstemi in,0.16762070426747783
complaint_text__patient intermittent,0.16740837499583788
complaint_text__bear for,0.16681423885120844
complaint_text__intervention onset,0.1667828660907513
complaint_text__irritation intermittent,0.16672760035911885
complaint_text__afebrile constant,0.1662772011587343
complaint_text__congestion since,0.1662620616738497
complaint_text__fall constant,0.1660636944908355
complaint_text__substance in,0.1660092342620369
complaint_text__elderly intermittent,0.1656215792281456
complaint_text__features intermittent,0.16553185055886005
complaint_text__fibrillation no,0.16502447430724038
complaint_text__overdose for,0.1647335770460925
complaint_text__purpura no,0.1647144524644728
complaint_text__assessment constant,0.16447677196862148
complaint_text__pneumothorax since,0.16433826648113437
complaint_text__patient since,0.16419196940821268
complaint_text__asthma intermittent,0.16380582974510166
complaint_text__ongoing with,0.1636289331284119
complaint_text__bleeding since,0.16349164865908986
complaint_text__incontinence constant,0.16348947357546265
complaint_text__contamination for,0.16330604740018229
complaint_text__radiation for,0.16328035053301046
complaint_text__instability onset,0.16296655534072424
complaint_text__screening no,0.16212773107399095
complaint_text__substance for,0.16207018379713137
complaint_text__blood in,0.1619366752854215
complaint_text__cramping constant,0.16186270563811017
complaint_text__afebrile no,0.16177105645420303
complaint_text__sprain in,0.16172451822974226
complaint_text__mechanism intermittent,0.16152653381118337
complaint_text__ear since,0.16143987188109965
complaint_text__rupture in,0.16119369201240616
complaint_text__nose constant,0.16117415073186464
complaint_text__redness since,0.16090348955015274
complaint_text__up since,0.1607539132904306
complaint_text__feeling in,0.16054088222833238
complaint_text__vision onset,0.16038766424456236
complaint_text__afebrile onset,0.16035920135645393
complaint_text__dysfunction no,0.16023550637268966
complaint_text__angioedema worsening,0.1596849023890279
complaint_text__emergency onset,0.15961083582369637
complaint_text__afebrile since,0.1590141202770164
complaint_text__39 for,0.1589971912103171
complaint_text__jaundice in,0.15887450303396372
complaint_text__deficits in,0.15873703231164563
complaint_text__infected onset,0.15845123006875936
complaint_text__cellulitis constant,0.15831178574346383
complaint_text__kidney constant,0.15822245720088537
complaint_text__malaria constant,0.15815971349347763
complaint_text__vision constant,0.157613981580982
complaint_text__features since,0.1573109940264394
complaint_text__concern intermittent,0.1573096517116757
complaint_text__stable for,0.15726440249082715
complaint_text__embolism since,0.1571173942945093
complaint_text__occlusion in,0.15698216903374546
complaint_text__bear no,0.1565056098828071
complaint_text__patient onset,0.156410742350577
complaint_text__bite constant,0.1563728269099472
complaint_text__dermatitis no,0.15618223617704483
complaint_text__soreness constant,0.15618093248450154
complaint_text__39 in,0.15597135192647846
complaint_text__asthma worsening,0.15587637440083457
complaint_text__up no,0.15558929913696465
complaint_text__infected no,0.15556146648489666
complaint_text__herpeticum onset,0.1554927228089987
complaint_text__soreness since,0.15542444898570545
complaint_text__reaction onset,0.1553199757178046
complaint_text__bite since,0.1553126459223336
complaint_text__gcs with,0.1552381594063319
complaint_text__afebrile intermittent,0.15488314274296155
complaint_text__ache since,0.15487710351862582
complaint_text__monitoring no,0.15477802145116595
complaint_text__kidney intermittent,0.15469063032982844
categorical__chief_complaint_system_genitourinary,0.1545888582148625
complaint_text__feeling onset,0.1543893194698526
complaint_text__exacerbation in,0.1540922154221673
complaint_text__bite no,0.15405486956853268
complaint_text__sensation in,0.15404729067926448
complaint_text__infected intermittent,0.15387183978372598
complaint_text__inquiry constant,0.15330741673970824
complaint_text__amputation no,0.1530908175145658
complaint_text__jaundice for,0.15293502136885512
complaint_text__jaundice intermittent,0.152793649747747
complaint_text__arrest no,0.15267435596192186
complaint_text__haematemesis for,0.15229888076668818
complaint_text__intervention since,0.1521995831365224
complaint_text__septicaemia with,0.15205938574088676
complaint_text__sprain for,0.15204058568614315
complaint_text__redness onset,0.151978177653872
complaint_text__dysfunction onset,0.1519503343696515
complaint_text__patient in,0.15191941883798638
complaint_text__trismus since,0.15185062574707672
complaint_text__weakness constant,0.15142854923952626
complaint_text__symptomatic for,0.1513162630723388
complaint_text__diabetic in,0.1512306667598677
complaint_text__shock intermittent,0.15117406699036018
complaint_text__drowning constant,0.1505868889698766
complaint_text__concern constant,0.1500643619719297
complaint_text__vision for,0.14999946684296456
complaint_text__dizziness for,0.1498446991593043
complaint_text__substance intermittent,0.14972726577023793
complaint_text__inquiry for,0.1497160465764804
complaint_text__rupture no,0.14930359644172903
complaint_text__hypoglycaemia in,0.1490957972973977
complaint_text__cause with,0.14902079037980148
complaint_text__injuries since,0.14899805739039657
complaint_text__exacerbation constant,0.1488298754885499
complaint_text__decompensation for,0.14865510167637314
complaint_text__recurrence constant,0.1485918768853726
complaint_text__dizziness in,0.148491048853958
complaint_text__ischaemia since,0.1484847319822431
complaint_text__incontinence since,0.14842476059144033
complaint_text__monitoring since,0.14813685359717654
complaint_text__delirium no,0.14787231413856503
complaint_text__reaction intermittent,0.14763413931262387
complaint_text__unresponsive onset,0.14756201597007376
complaint_text__substance constant,0.14667381121371387
complaint_text__screening onset,0.14609400618428647
complaint_text__syncope intermittent,0.14601612698873315
complaint_text__compromise no,0.1459170342047367
complaint_text__bite onset,0.1456603103664139
complaint_text__rest intermittent,0.14538331753257708
complaint_text__dermatitis intermittent,0.14537190254033705
complaint_text__diabetic for,0.14537146027180345
complaint_text__blood onset,0.14531878881699206
complaint_text__deficit onset,0.1453088616239901
complaint_text__status constant,0.14507919448775325
complaint_text__cramping onset,0.14495927412472798
complaint_text__storm no,0.14461015672608116
complaint_text__check in,0.14394678022430538
complaint_text__haemothorax worsening,0.14387702041685896
complaint_text__diabetic since,0.14377295163856418
complaint_text__gastroenteritis onset,0.14348956522081197
complaint_text__assessment in,0.14318828099343905
complaint_text__cough since,0.1431101321160897
complaint_text__mechanism for,0.14308011292139286
complaint_text__blood since,0.14307895561780742
complaint_text__referral since,0.14289673434562386
complaint_text__problem for,0.14275678369328243
complaint_text__hypothermia since,0.14268626340180662
complaint_text__incontinence for,0.14247344431659986
complaint_text__39 constant,0.14228797527568435
complaint_text__dermatitis since,0.14217086188851283
complaint_text__urticaria worsening,0.14206170725453454
complaint_text__weakness onset,0.14200571582838378
complaint_text__drowning intermittent,0.14183334232349268
complaint_text__nose for,0.14181894504653567
complaint_text__status intermittent,0.14162649392931112
complaint_text__sweats worsening,0.14149917844002752
complaint_text__patient for,0.1414690306156629
complaint_text__purpura with,0.14094945830972422
complaint_text__decompensation no,0.14079732770308398
complaint_text__necrolysis worsening,0.14073979971905534
complaint_text__infected constant,0.1400653732118084
complaint_text__crisis for,0.13991603370838107
complaint_text__deficits worsening,0.13987099893987207
complaint_text__cough constant,0.13980925092760765
complaint_text__overdose intermittent,0.13974599279061525
complaint_text__trauma onset,0.139622705314784
complaint_text__sensation onset,0.13918721148663565
complaint_text__cough intermittent,0.1389720832314996
complaint_text__syndrome worsening,0.1389503217067019
complaint_text__screening for,0.13884549978967303
complaint_text__unresponsive no,0.13875925056490784
complaint_text__herpeticum since,0.13846775321667254
complaint_text__trismus onset,0.13838269014988677
complaint_text__redness for,0.13799857452580438
complaint_text__haematemesis no,0.13798883191215772
complaint_text__psychosis no,0.13798311453258216
complaint_text__intervention no,0.13756792413021138
complaint_text__malaria in,0.13736358059739656
complaint_text__complications onset,0.1373633704947695
complaint_text__dysfunction for,0.13709227355042436
complaint_text__complications for,0.1367206982606872
complaint_text__status in,0.13654347556094643
complaint_text__deficits no,0.13624518343587838
complaint_text__failure for,0.13604149305650393
complaint_text__bleeding onset,0.1359223303855594
complaint_text__malaria onset,0.13576340601845877
complaint_text__problem intermittent,0.1357438331928247
complaint_text__dermatitis for,0.1353796545753762
complaint_text__emergency for,0.13532396900540025
complaint_text__dysfunction since,0.13503004303741664
complaint_text__blood intermittent,0.13482912781153006
complaint_text__acute intermittent,0.1348136877716271
complaint_text__pregnancy worsening,0.13474668460928113
complaint_text__herpeticum in,0.13461383372915295
complaint_text__insufficiency for,0.134270787700884
complaint_text__vision since,0.13415309044266302
complaint_text__complications intermittent,0.13403383639341268
complaint_text__radiation onset,0.13402759309529683
complaint_text__skin constant,0.13380718728162141
complaint_text__vision no,0.13363107049401657
complaint_text__inquiry onset,0.13362897527849377
complaint_text__rest for,0.13287072175282974
complaint_text__irritation onset,0.13274478794096972
complaint_text__injuries for,0.1323910928295957
complaint_text__blood constant,0.13227497607269395
complaint_text__angioedema with,0.1321897024339203
complaint_text__monitoring intermittent,0.13216386771892283
complaint_text__blurring onset,0.1321356377558553
complaint_text__decompensation onset,0.1320862346784591
complaint_text__abdomen worsening,0.13192361199263647
complaint_text__problem since,0.131730683936867
complaint_text__bite in,0.13145621679003366
complaint_text__cause for,0.13117083521646775
complaint_text__symptomatic intermittent,0.1308383700466467
complaint_text__dermatitis in,0.13080096388220339
complaint_text__radiation constant,0.13076408498688422
complaint_text__dizziness constant,0.13066142644806403
complaint_text__nstemi onset,0.13059200000734048
complaint_text__drowning in,0.13054996346679026
complaint_text__bite intermittent,0.13028731003529131
complaint_text__septicaemia constant,0.13027129136416624
complaint_text__haematemesis since,0.1302359450063878
complaint_text__nstemi intermittent,0.13004795934934618
complaint_text__syndrome intermittent,0.12967387277872786
complaint_text__pneumothorax onset,0.12966730067596896
complaint_text__exacerbation onset,0.12949365196590795
complaint_text__impairment onset,0.12947252341233773
complaint_text__dizziness intermittent,0.129300926091988
complaint_text__weakness since,0.12924766592507847
complaint_text__discharge intermittent,0.1288241910748641
complaint_text__sprain since,0.12847899065932417
complaint_text__impairment constant,0.1280447840121039
complaint_text__sensation intermittent,0.1279744053071574
complaint_text__herpeticum constant,0.12794063200942504
complaint_text__plan since,0.12769835902598864
complaint_text__intervention in,0.12768737083941994
complaint_text__signs for,0.12706545215549628
complaint_text__exacerbation intermittent,0.12703590676105816
complaint_text__risk for,0.12667867658874662
complaint_text__thorax onset,0.12667103310094144
complaint_text__congestion constant,0.12656190472891174
complaint_text__refractory with,0.12613024146451385
complaint_text__redness constant,0.12600588727571124
complaint_text__trismus for,0.12598656333274166
complaint_text__herpeticum no,0.12548270677751172
complaint_text__problem onset,0.12491546588347498
complaint_text__impairment since,0.12477169875745378
complaint_text__symptomatic onset,0.12472002327277028
complaint_text__bite for,0.12454101245841416
complaint_text__fibrillation constant,0.1244621407075861
complaint_text__thorax worsening,0.1244474761454037
complaint_text__sensation no,0.12431888000464882
complaint_text__check for,0.12410800997681001
complaint_text__afebrile for,0.12404434932140455
complaint_text__syndrome for,0.12341568194196557
complaint_text__bear intermittent,0.12322027604143453
complaint_text__injuries intermittent,0.12296007266820368
complaint_text__congestion in,0.1226179999737638
complaint_text__sensation since,0.1226098189922403
complaint_text__haemothorax constant,0.12252771510566393
complaint_text__diabetic intermittent,0.12210002826491281
complaint_text__features onset,0.12199101519400987
complaint_text__blurring since,0.12196926690427105
complaint_text__check since,0.1216693724519704
complaint_text__emergency intermittent,0.1214219782957879
complaint_text__intent no,0.12141530208954188
complaint_text__contamination no,0.12121033317719092
complaint_text__infection intermittent,0.12118670729246854
complaint_text__incontinence onset,0.12085528232498652
complaint_text__blood for,0.12078838238262127
complaint_text__herpeticum for,0.12062315880095642
complaint_text__mechanism since,0.12001132296073329
complaint_text__activity with,0.11989475651065458
complaint_text__status onset,0.11929382147906538
complaint_text__angioedema constant,0.1187455983271527
complaint_text__impairment for,0.11848688852741826
complaint_text__check no,0.11839660851823434
complaint_text__fibrillation in,0.11834134387634623
complaint_text__trauma constant,0.1183385182825865
complaint_text__up in,0.11807976895136596
complaint_text__inquiry no,0.11797249664688399
complaint_text__prescription constant,0.11760230971128198
complaint_text__signs since,0.11745560817132197
complaint_text__contamination constant,0.11743230718228277
complaint_text__dermatitis constant,0.11713133523631278
complaint_text__radiation intermittent,0.11585833007343813
complaint_text__necrolysis for,0.11477866059540139
complaint_text__skin intermittent,0.11442802009781847
complaint_text__soreness intermittent,0.11436254222984651
complaint_text__exacerbation since,0.1141061657825105
complaint_text__intervention intermittent,0.11351936993244663
complaint_text__psychosis intermittent,0.11334492546420524
complaint_text__coma for,0.1132076396608807
complaint_text__referral intermittent,0.1128732040517085
complaint_text__failure constant,0.11239107587622403
complaint_text__state onset,0.11234220712344298
complaint_text__abdomen no,0.1123254706273115
complaint_text__activity intermittent,0.11184985306134876
complaint_text__deficit since,0.11164438917497961
complaint_text__asthma since,0.11119272168377703
complaint_text__stable constant,0.11103935749545717
complaint_text__risk intermittent,0.11079167660294591
complaint_text__compromise worsening,0.11078851268632237
complaint_text__monitoring for,0.11068523123789613
complaint_text__injury worsening,0.11061546044867412
complaint_text__acute for,0.11047068837271026
complaint_text__syndrome in,0.11039919980912352
complaint_text__overdose since,0.11032111342646429
complaint_text__mechanism worsening,0.11022571200945955
complaint_text__up for,0.11021643319178934
complaint_text__nstemi constant,0.10999869223625922
complaint_text__bleeding intermittent,0.10993190129962253
complaint_text__nstemi for,0.10977146123925703
complaint_text__retention intermittent,0.1090542324412207
complaint_text__risk in,0.1090043441429525
complaint_text__congestion for,0.10891331550013761
complaint_text__disturbance no,0.10889907361193207
complaint_text__problem in,0.10886521369442323
complaint_text__compromise constant,0.10868222882516276
complaint_text__bear since,0.10864721962698339
complaint_text__sensation for,0.10822593495235336
complaint_text__up onset,0.10723398501812911
complaint_text__dysfunction in,0.1071637924808625
complaint_text__bear constant,0.1068113295750619
complaint_text__irritation constant,0.10674926298797882
complaint_text__radiation in,0.10613587580004095
complaint_text__irritation since,0.10549642912159662
complaint_text__acute onset,0.10505528608386053
complaint_text__signs onset,0.1050191120318279
complaint_text__impairment no,0.10496220714239062
complaint_text__ache for,0.10479292851746355
complaint_text__insufficiency intermittent,0.10452573981295339
complaint_text__sweats for,0.10437850433379152
complaint_text__paperwork in,0.10419130610360927
complaint_text__nstemi since,0.10413400005741864
complaint_text__check intermittent,0.10366835068232753
complaint_text__mechanism no,0.10352136795445555
complaint_text__kidney for,0.10168827020479403
complaint_text__failure in,0.10153756190567462
complaint_text__refractory worsening,0.10097858641065086
complaint_text__dysfunction constant,0.1002500197531028
complaint_text__failure intermittent,0.10023107101513333
complaint_text__mechanism onset,0.10009654244858117
complaint_text__state since,0.10005830116954906
complaint_text__monitoring constant,0.1000270889524463
complaint_text__dermatitis onset,0.09990061504519523
complaint_text__bear in,0.09877981184712689
complaint_text__deficits intermittent,0.09857619539480131
complaint_text__fasciitis since,0.09853609038495263
complaint_text__collapse intermittent,0.09848521183040657
complaint_text__deficits since,0.09819349541148162
complaint_text__detachment constant,0.09793156564664886
complaint_text__rest no,0.09793111355399636
complaint_text__bilateral with,0.09785049263908151
complaint_text__haematemesis in,0.09776082288932512
complaint_text__sensation constant,0.09775481304379147
complaint_text__stable onset,0.096874419646426
complaint_text__psychosis in,0.09685981796125309
complaint_text__asthma for,0.09657607495992385
complaint_text__intent constant,0.09644789919162819
complaint_text__vision intermittent,0.09623754343339011
complaint_text__mechanism in,0.0961802915333944
complaint_text__inquiry intermittent,0.09576078481930318
complaint_text__monitoring onset,0.09565064316328328
complaint_text__hypoxia since,0.09512592163713494
complaint_text__congestion intermittent,0.09504989542771039
complaint_text__septicaemia intermittent,0.0949471337676652
complaint_text__bear onset,0.09491286241995009
complaint_text__abdomen for,0.09488832094346188
complaint_text__state intermittent,0.09488530038260028
complaint_text__impairment in,0.09465265089026524
complaint_text__abdomen constant,0.09412323860702806
complaint_text__overdose constant,0.09382566129091555
complaint_text__septicaemia worsening,0.09357277574802857
complaint_text__status since,0.09356009022269986
complaint_text__risk onset,0.093077589496154
complaint_text__signs no,0.0928125855280301
complaint_text__injuries constant,0.09244975336326446
complaint_text__syndrome since,0.09213526502978926
complaint_text__rest since,0.09211690697108896
complaint_text__emergency constant,0.09183822693992519
complaint_text__rest constant,0.09162490765908946
complaint_text__embolism onset,0.09129243230826568
complaint_text__sweats onset,0.09121717653375513
complaint_text__sweats intermittent,0.0911300526628033
complaint_text__insufficiency since,0.09067951121217702
complaint_text__occlusion worsening,0.09067232785748924
complaint_text__sweats since,0.09045345308898917
complaint_text__up intermittent,0.08949466134557796
complaint_text__plan intermittent,0.08945183639416578
complaint_text__risk worsening,0.08927858184809881
complaint_text__diabetic constant,0.08839083394580212
complaint_text__pneumothorax intermittent,0.08671362730900951
complaint_text__urticaria onset,0.08653992779840267
complaint_text__abdomen onset,0.08592464852629443
complaint_text__activity worsening,0.08581669867454544
complaint_text__check constant,0.08581320592833493
complaint_text__sweats in,0.08520496461787297
complaint_text__unstable intermittent,0.08485380141241666
complaint_text__sweats constant,0.08458350980424992
complaint_text__thorax no,0.08435412119056715
complaint_text__emergency in,0.08430079764310879
complaint_text__purpura constant,0.08398215312078837
complaint_text__emergency no,0.08315621039138353
complaint_text__bronchospasm onset,0.0831513751251963
complaint_text__kidney since,0.08306900623215649
complaint_text__fasciitis worsening,0.08299680973029422
complaint_text__arrest onset,0.08235864258057515
complaint_text__abdomen intermittent,0.08217625426131968
complaint_text__haemothorax since,0.08181428992673281
complaint_text__acute since,0.08118904958801357
complaint_text__bronchospasm constant,0.08066789312821111
complaint_text__risk no,0.08028965848155195
complaint_text__asthma constant,0.0802176142380481
complaint_text__arrest in,0.08010054579365118
complaint_text__risk constant,0.077935261143593
complaint_text__deficits for,0.0776294714616318
complaint_text__refractory since,0.07734842845170538
complaint_text__psychosis for,0.07688345391225851
complaint_text__compromise since,0.07666488848655906
complaint_text__impairment intermittent,0.07646504688125273
complaint_text__embolism for,0.07585780975268668
complaint_text__purpura intermittent,0.07569179323122743
complaint_text__thorax with,0.07566944878414882
complaint_text__risk since,0.07557081956941339
complaint_text__sweats no,0.07527434407213814
complaint_text__up constant,0.07508868477570847
complaint_text__deficits constant,0.07450689364183603
complaint_text__thorax since,0.07386685630060107
complaint_text__angioedema intermittent,0.07324772270672732
complaint_text__glaucoma worsening,0.07285684941015294
complaint_text__unresponsive constant,0.0717462574931031
complaint_text__haematemesis constant,0.07102568327382378
complaint_text__acute in,0.07097790249259175
complaint_text__seizure constant,0.0701444519759037
complaint_text__requirement intermittent,0.06978512222552427
complaint_text__embolism intermittent,0.06973301763251813
complaint_text__injuries onset,0.06969709057046868
complaint_text__haematemesis onset,0.06955644621738422
complaint_text__compromise for,0.06900644984792942
complaint_text__arrest for,0.06842785558492077
complaint_text__purpura since,0.06828743744721108
complaint_text__haematemesis intermittent,0.06822082214729219
complaint_text__kidney onset,0.0681103953044666
complaint_text__cause intermittent,0.06803510961911807
complaint_text__arrest constant,0.06795236605038507
complaint_text__ongoing for,0.06756067823557907
complaint_text__ischaemia in,0.0665894853402667
complaint_text__disturbance since,0.06647108655671685
complaint_text__incontinence in,0.06639184010224902
complaint_text__abdomen since,0.0660621895653402
complaint_text__storm since,0.06524691550496649
complaint_text__amputation since,0.06499502856839831
complaint_text__deficit for,0.0633697362532922
complaint_text__signs constant,0.06167577362938936
complaint_text__check onset,0.06125853763952971
numeric__age,0.061158782270103004
complaint_text__instability for,0.06093670660371568
complaint_text__compromise intermittent,0.060688929674705
complaint_text__haemothorax no,0.05810222749882663
complaint_text__treatment in,0.05796944925417129
complaint_text__asthma no,0.057901826887688454
complaint_text__hepatitis worsening,0.05725372932945204
complaint_text__cause worsening,0.057061438501659
complaint_text__unresponsive intermittent,0.05664974595666198
complaint_text__bronchospasm for,0.0566042302982402
complaint_text__activity constant,0.05599119935993513
complaint_text__state in,0.05498600959989801
complaint_text__ongoing in,0.05461032084240278
complaint_text__bronchospasm since,0.054520247192219706
complaint_text__storm for,0.054012261483114186
complaint_text__septicaemia for,0.05281909593245848
complaint_text__bronchospasm in,0.052709994724243946
complaint_text__syndrome constant,0.05247932559989156
complaint_text__collapse onset,0.05176084241331702
complaint_text__occlusion for,0.050931894021759
complaint_text__spread for,0.049790849873937955
complaint_text__spread intermittent,0.049640614282002865
complaint_text__injuries in,0.04961746788676834
complaint_text__necrolysis in,0.049589436391609246
complaint_text__hepatitis in,0.04951188537599409
complaint_text__activity since,0.049507640987913805
complaint_text__refractory no,0.04919178450275004
complaint_text__asthma onset,0.048621820551492195
complaint_text__abdomen in,0.04858967228632195
complaint_text__deficit in,0.048054061016014775
complaint_text__storm intermittent,0.0480369473403218
complaint_text__compromise onset,0.04796060555744164
complaint_text__gcs worsening,0.04661248808055844
complaint_text__ongoing worsening,0.04656751602087384
complaint_text__embolism constant,0.04640810474499503
complaint_text__thorax constant,0.045102164853089925
complaint_text__angioedema since,0.04506943227066454
complaint_text__deficit constant,0.04501806286590889
complaint_text__activity for,0.04451723513720608
complaint_text__occlusion constant,0.04447188032577661
complaint_text__disturbance intermittent,0.04441564193032134
complaint_text__angioedema no,0.043455015245066606
complaint_text__occlusion onset,0.04332076599368525
complaint_text__obtundation worsening,0.042788866322203085
complaint_text__compromise in,0.04261634596674634
complaint_text__collapse in,0.04237051062042826
complaint_text__delirium for,0.04218049848080973
complaint_text__spread since,0.04215163865182821
complaint_text__gcs for,0.04196883300082624
complaint_text__injury in,0.04110140574812751
complaint_text__angioedema for,0.04025338710460452
complaint_text__rupture for,0.03846043647614199
complaint_text__obtundation onset,0.03825122068005317
complaint_text__spread in,0.03802445877187432
complaint_text__unstable worsening,0.03781165134754489
complaint_text__pneumothorax in,0.03767876043196605
complaint_text__fasciitis in,0.03734200147817569
complaint_text__ongoing onset,0.03643304002286034
complaint_text__requirement onset,0.036160406476158376
complaint_text__bronchospasm intermittent,0.035700685036055745
complaint_text__bronchospasm no,0.03525744967857593
complaint_text__requirement worsening,0.03498068877456487
complaint_text__refractory in,0.03473773970390644
complaint_text__bilateral worsening,0.03412684472666981
complaint_text__ischaemia constant,0.033665205144341286
complaint_text__peritonitis worsening,0.033425812141347086
complaint_text__treatment intermittent,0.03327227022136388
complaint_text__ischaemia onset,0.033183912906199105
complaint_text__obtundation for,0.03289818437971953
complaint_text__rupture since,0.032524858766883755
complaint_text__fasciitis for,0.03225598065634026
complaint_text__peritonitis constant,0.03158077847018669
complaint_text__deficit intermittent,0.031330769672657174
complaint_text__spread worsening,0.030252680801032678
complaint_text__gcs since,0.029454351151373164
complaint_text__spread constant,0.028448561365579016
complaint_text__thorax in,0.028320314347589533
complaint_text__bilateral no,0.027281548040458452
complaint_text__hepatitis onset,0.02671584073273976
complaint_text__fasciitis intermittent,0.025921654954717592
complaint_text__unstable for,0.023819272975012268
complaint_text__injury no,0.023265443220095994
complaint_text__gcs in,0.022599853087084232
complaint_text__requirement no,0.02243502411369228
complaint_text__ongoing no,0.021232464344995306
complaint_text__unstable onset,0.02089433004084209
complaint_text__peritonitis intermittent,0.02062801666929175
complaint_text__bilateral in,0.019559506850083633
complaint_text__treatment onset,0.019367230794772164
complaint_text__pregnancy in,0.018788421542876264
complaint_text__pregnancy intermittent,0.018183377626382353
complaint_text__treatment worsening,0.017899177294968014
complaint_text__peritonitis since,0.017659316913242927
complaint_text__gcs onset,0.017199267368447048
complaint_text__requirement since,0.015551922854784073
complaint_text__treatment no,0.015506266446850884
complaint_text__requirement for,0.014030168241044716
numeric__chief_complaint_missing,0.0
